0 verbose cli C:\Program Files\nodejs\node.exe C:\Program Files\nodejs\node_modules\npm\bin\npm-cli.js
1 info using npm@10.9.3
2 info using node@v22.19.0
3 silly config load:file:C:\Program Files\nodejs\node_modules\npm\npmrc
4 silly config load:file:C:\Users\User\Desktop\fathudives\.npmrc
5 silly config load:file:C:\Users\User\.npmrc
6 silly config load:file:C:\Users\User\AppData\Roaming\npm\etc\npmrc
7 verbose title npm ci
8 verbose argv "ci" "--ignore-scripts" "--cache" ".npm-cache" "--no-audit" "--no-fund"
9 verbose logfile logs-max:10 dir:C:\Users\User\Desktop\fathudives\.npm-cache\_logs\2026-08-13T20_37_46_662Z-
10 verbose logfile C:\Users\User\Desktop\fathudives\.npm-cache\_logs\2026-08-13T20_37_46_662Z-debug-0.log
11 silly logfile done cleaning log files
12 silly packumentCache heap:4345298944 maxSize:1086324736 maxEntrySize:543162368
13 silly idealTree buildDeps
14 silly reify moves {}
15 verbose reify failed optional dependency C:\Users\User\Desktop\fathudives\node_modules\@tailwindcss\oxide-wasm32-wasi
16 silly reify mark deleted [
16 silly reify   'C:\\Users\\User\\Desktop\\fathudives\\node_modules\\@tailwindcss\\oxide-wasm32-wasi'
16 silly reify ]
17 verbose reify failed optional dependency C:\Users\User\Desktop\fathudives\node_modules\lightningcss-win32-arm64-msvc
18 silly reify mark deleted [
18 silly reify   'C:\\Users\\User\\Desktop\\fathudives\\node_modules\\lightningcss-win32-arm64-msvc'
18 silly reify ]
19 verbose reify failed optional dependency C:\Users\User\Desktop\fathudives\node_modules\lightningcss-linux-x64-musl
20 silly reify mark deleted [
20 silly reify   'C:\\Users\\User\\Desktop\\fathudives\\node_modules\\lightningcss-linux-x64-musl'
20 silly reify ]
21 verbose reify failed optional dependency C:\Users\User\Desktop\fathudives\node_modules\lightningcss-linux-x64-gnu
22 silly reify mark deleted [
22 silly reify   'C:\\Users\\User\\Desktop\\fathudives\\node_modules\\lightningcss-linux-x64-gnu'
22 silly reify ]
23 verbose reify failed optional dependency C:\Users\User\Desktop\fathudives\node_modules\lightningcss-linux-arm64-musl
24 silly reify mark deleted [
24 silly reify   'C:\\Users\\User\\Desktop\\fathudives\\node_modules\\lightningcss-linux-arm64-musl'
24 silly reify ]
25 verbose reify failed optional dependency C:\Users\User\Desktop\fathudives\node_modules\lightningcss-linux-arm64-gnu
26 silly reify mark deleted [
26 silly reify   'C:\\Users\\User\\Desktop\\fathudives\\node_modules\\lightningcss-linux-arm64-gnu'
26 silly reify ]
27 verbose reify failed optional dependency C:\Users\User\Desktop\fathudives\node_modules\lightningcss-linux-arm-gnueabihf
28 silly reify mark deleted [
28 silly reify   'C:\\Users\\User\\Desktop\\fathudives\\node_modules\\lightningcss-linux-arm-gnueabihf'
28 silly reify ]
29 verbose reify failed optional dependency C:\Users\User\Desktop\fathudives\node_modules\lightningcss-freebsd-x64
30 silly reify mark deleted [
30 silly reify   'C:\\Users\\User\\Desktop\\fathudives\\node_modules\\lightningcss-freebsd-x64'
30 silly reify ]
31 verbose reify failed optional dependency C:\Users\User\Desktop\fathudives\node_modules\lightningcss-darwin-x64
32 silly reify mark deleted [
32 silly reify   'C:\\Users\\User\\Desktop\\fathudives\\node_modules\\lightningcss-darwin-x64'
32 silly reify ]
33 verbose reify failed optional dependency C:\Users\User\Desktop\fathudives\node_modules\lightningcss-darwin-arm64
34 silly reify mark deleted [
34 silly reify   'C:\\Users\\User\\Desktop\\fathudives\\node_modules\\lightningcss-darwin-arm64'
34 silly reify ]
35 verbose reify failed optional dependency C:\Users\User\Desktop\fathudives\node_modules\lightningcss-android-arm64
36 silly reify mark deleted [
36 silly reify   'C:\\Users\\User\\Desktop\\fathudives\\node_modules\\lightningcss-android-arm64'
36 silly reify ]
37 verbose reify failed optional dependency C:\Users\User\Desktop\fathudives\node_modules\@tailwindcss\oxide-win32-arm64-msvc
38 silly reify mark deleted [
38 silly reify   'C:\\Users\\User\\Desktop\\fathudives\\node_modules\\@tailwindcss\\oxide-win32-arm64-msvc'
38 silly reify ]
39 verbose reify failed optional dependency C:\Users\User\Desktop\fathudives\node_modules\@tailwindcss\oxide-linux-x64-musl
40 silly reify mark deleted [
40 silly reify   'C:\\Users\\User\\Desktop\\fathudives\\node_modules\\@tailwindcss\\oxide-linux-x64-musl'
40 silly reify ]
41 verbose reify failed optional dependency C:\Users\User\Desktop\fathudives\node_modules\@tailwindcss\oxide-linux-x64-gnu
42 silly reify mark deleted [
42 silly reify   'C:\\Users\\User\\Desktop\\fathudives\\node_modules\\@tailwindcss\\oxide-linux-x64-gnu'
42 silly reify ]
43 verbose reify failed optional dependency C:\Users\User\Desktop\fathudives\node_modules\@tailwindcss\oxide-linux-arm64-musl
44 silly reify mark deleted [
44 silly reify   'C:\\Users\\User\\Desktop\\fathudives\\node_modules\\@tailwindcss\\oxide-linux-arm64-musl'
44 silly reify ]
45 verbose reify failed optional dependency C:\Users\User\Desktop\fathudives\node_modules\@tailwindcss\oxide-linux-arm64-gnu
46 silly reify mark deleted [
46 silly reify   'C:\\Users\\User\\Desktop\\fathudives\\node_modules\\@tailwindcss\\oxide-linux-arm64-gnu'
46 silly reify ]
47 verbose reify failed optional dependency C:\Users\User\Desktop\fathudives\node_modules\@tailwindcss\oxide-linux-arm-gnueabihf
48 silly reify mark deleted [
48 silly reify   'C:\\Users\\User\\Desktop\\fathudives\\node_modules\\@tailwindcss\\oxide-linux-arm-gnueabihf'
48 silly reify ]
49 verbose reify failed optional dependency C:\Users\User\Desktop\fathudives\node_modules\@tailwindcss\oxide-freebsd-x64
50 silly reify mark deleted [
50 silly reify   'C:\\Users\\User\\Desktop\\fathudives\\node_modules\\@tailwindcss\\oxide-freebsd-x64'
50 silly reify ]
51 verbose reify failed optional dependency C:\Users\User\Desktop\fathudives\node_modules\@tailwindcss\oxide-darwin-x64
52 silly reify mark deleted [
52 silly reify   'C:\\Users\\User\\Desktop\\fathudives\\node_modules\\@tailwindcss\\oxide-darwin-x64'
52 silly reify ]
53 verbose reify failed optional dependency C:\Users\User\Desktop\fathudives\node_modules\@tailwindcss\oxide-darwin-arm64
54 silly reify mark deleted [
54 silly reify   'C:\\Users\\User\\Desktop\\fathudives\\node_modules\\@tailwindcss\\oxide-darwin-arm64'
54 silly reify ]
55 verbose reify failed optional dependency C:\Users\User\Desktop\fathudives\node_modules\@tailwindcss\oxide-android-arm64
56 silly reify mark deleted [
56 silly reify   'C:\\Users\\User\\Desktop\\fathudives\\node_modules\\@tailwindcss\\oxide-android-arm64'
56 silly reify ]
57 verbose reify failed optional dependency C:\Users\User\Desktop\fathudives\node_modules\@next\swc-win32-arm64-msvc
58 silly reify mark deleted [
58 silly reify   'C:\\Users\\User\\Desktop\\fathudives\\node_modules\\@next\\swc-win32-arm64-msvc'
58 silly reify ]
59 verbose reify failed optional dependency C:\Users\User\Desktop\fathudives\node_modules\@next\swc-linux-x64-musl
60 silly reify mark deleted [
60 silly reify   'C:\\Users\\User\\Desktop\\fathudives\\node_modules\\@next\\swc-linux-x64-musl'
60 silly reify ]
61 verbose reify failed optional dependency C:\Users\User\Desktop\fathudives\node_modules\@next\swc-linux-x64-gnu
62 silly reify mark deleted [
62 silly reify   'C:\\Users\\User\\Desktop\\fathudives\\node_modules\\@next\\swc-linux-x64-gnu'
62 silly reify ]
63 verbose reify failed optional dependency C:\Users\User\Desktop\fathudives\node_modules\@next\swc-linux-arm64-musl
64 silly reify mark deleted [
64 silly reify   'C:\\Users\\User\\Desktop\\fathudives\\node_modules\\@next\\swc-linux-arm64-musl'
64 silly reify ]
65 verbose reify failed optional dependency C:\Users\User\Desktop\fathudives\node_modules\@next\swc-linux-arm64-gnu
66 silly reify mark deleted [
66 silly reify   'C:\\Users\\User\\Desktop\\fathudives\\node_modules\\@next\\swc-linux-arm64-gnu'
66 silly reify ]
67 verbose reify failed optional dependency C:\Users\User\Desktop\fathudives\node_modules\@next\swc-darwin-x64
68 silly reify mark deleted [
68 silly reify   'C:\\Users\\User\\Desktop\\fathudives\\node_modules\\@next\\swc-darwin-x64'
68 silly reify ]
69 verbose reify failed optional dependency C:\Users\User\Desktop\fathudives\node_modules\@next\swc-darwin-arm64
70 silly reify mark deleted [
70 silly reify   'C:\\Users\\User\\Desktop\\fathudives\\node_modules\\@next\\swc-darwin-arm64'
70 silly reify ]
71 verbose reify failed optional dependency C:\Users\User\Desktop\fathudives\node_modules\@img\sharp-win32-ia32
72 silly reify mark deleted [
72 silly reify   'C:\\Users\\User\\Desktop\\fathudives\\node_modules\\@img\\sharp-win32-ia32'
72 silly reify ]
73 verbose reify failed optional dependency C:\Users\User\Desktop\fathudives\node_modules\@img\sharp-win32-arm64
74 silly reify mark deleted [
74 silly reify   'C:\\Users\\User\\Desktop\\fathudives\\node_modules\\@img\\sharp-win32-arm64'
74 silly reify ]
75 verbose reify failed optional dependency C:\Users\User\Desktop\fathudives\node_modules\@img\sharp-wasm32
76 silly reify mark deleted [
76 silly reify   'C:\\Users\\User\\Desktop\\fathudives\\node_modules\\@img\\sharp-wasm32'
76 silly reify ]
77 verbose reify failed optional dependency C:\Users\User\Desktop\fathudives\node_modules\@img\sharp-linuxmusl-x64
78 silly reify mark deleted [
78 silly reify   'C:\\Users\\User\\Desktop\\fathudives\\node_modules\\@img\\sharp-linuxmusl-x64'
78 silly reify ]
79 verbose reify failed optional dependency C:\Users\User\Desktop\fathudives\node_modules\@img\sharp-linuxmusl-arm64
80 silly reify mark deleted [
80 silly reify   'C:\\Users\\User\\Desktop\\fathudives\\node_modules\\@img\\sharp-linuxmusl-arm64'
80 silly reify ]
81 verbose reify failed optional dependency C:\Users\User\Desktop\fathudives\node_modules\@img\sharp-linux-x64
82 silly reify mark deleted [
82 silly reify   'C:\\Users\\User\\Desktop\\fathudives\\node_modules\\@img\\sharp-linux-x64'
82 silly reify ]
83 verbose reify failed optional dependency C:\Users\User\Desktop\fathudives\node_modules\@img\sharp-linux-s390x
84 silly reify mark deleted [
84 silly reify   'C:\\Users\\User\\Desktop\\fathudives\\node_modules\\@img\\sharp-linux-s390x'
84 silly reify ]
85 verbose reify failed optional dependency C:\Users\User\Desktop\fathudives\node_modules\@img\sharp-linux-riscv64
86 silly reify mark deleted [
86 silly reify   'C:\\Users\\User\\Desktop\\fathudives\\node_modules\\@img\\sharp-linux-riscv64'
86 silly reify ]
87 verbose reify failed optional dependency C:\Users\User\Desktop\fathudives\node_modules\@img\sharp-linux-ppc64
88 silly reify mark deleted [
88 silly reify   'C:\\Users\\User\\Desktop\\fathudives\\node_modules\\@img\\sharp-linux-ppc64'
88 silly reify ]
89 verbose reify failed optional dependency C:\Users\User\Desktop\fathudives\node_modules\@img\sharp-linux-arm64
90 silly reify mark deleted [
90 silly reify   'C:\\Users\\User\\Desktop\\fathudives\\node_modules\\@img\\sharp-linux-arm64'
90 silly reify ]
91 verbose reify failed optional dependency C:\Users\User\Desktop\fathudives\node_modules\@img\sharp-linux-arm
92 silly reify mark deleted [
92 silly reify   'C:\\Users\\User\\Desktop\\fathudives\\node_modules\\@img\\sharp-linux-arm'
92 silly reify ]
93 verbose reify failed optional dependency C:\Users\User\Desktop\fathudives\node_modules\@img\sharp-libvips-linuxmusl-x64
94 silly reify mark deleted [
94 silly reify   'C:\\Users\\User\\Desktop\\fathudives\\node_modules\\@img\\sharp-libvips-linuxmusl-x64'
94 silly reify ]
95 verbose reify failed optional dependency C:\Users\User\Desktop\fathudives\node_modules\@img\sharp-libvips-linuxmusl-arm64
96 silly reify mark deleted [
96 silly reify   'C:\\Users\\User\\Desktop\\fathudives\\node_modules\\@img\\sharp-libvips-linuxmusl-arm64'
96 silly reify ]
97 verbose reify failed optional dependency C:\Users\User\Desktop\fathudives\node_modules\@img\sharp-libvips-linux-x64
98 silly reify mark deleted [
98 silly reify   'C:\\Users\\User\\Desktop\\fathudives\\node_modules\\@img\\sharp-libvips-linux-x64'
98 silly reify ]
99 verbose reify failed optional dependency C:\Users\User\Desktop\fathudives\node_modules\@img\sharp-libvips-linux-s390x
100 silly reify mark deleted [
100 silly reify   'C:\\Users\\User\\Desktop\\fathudives\\node_modules\\@img\\sharp-libvips-linux-s390x'
100 silly reify ]
101 verbose reify failed optional dependency C:\Users\User\Desktop\fathudives\node_modules\@img\sharp-libvips-linux-riscv64
102 silly reify mark deleted [
102 silly reify   'C:\\Users\\User\\Desktop\\fathudives\\node_modules\\@img\\sharp-libvips-linux-riscv64'
102 silly reify ]
103 verbose reify failed optional dependency C:\Users\User\Desktop\fathudives\node_modules\@img\sharp-libvips-linux-ppc64
104 silly reify mark deleted [
104 silly reify   'C:\\Users\\User\\Desktop\\fathudives\\node_modules\\@img\\sharp-libvips-linux-ppc64'
104 silly reify ]
105 verbose reify failed optional dependency C:\Users\User\Desktop\fathudives\node_modules\@img\sharp-libvips-linux-arm64
106 silly reify mark deleted [
106 silly reify   'C:\\Users\\User\\Desktop\\fathudives\\node_modules\\@img\\sharp-libvips-linux-arm64'
106 silly reify ]
107 verbose reify failed optional dependency C:\Users\User\Desktop\fathudives\node_modules\@img\sharp-libvips-linux-arm
108 silly reify mark deleted [
108 silly reify   'C:\\Users\\User\\Desktop\\fathudives\\node_modules\\@img\\sharp-libvips-linux-arm'
108 silly reify ]
109 verbose reify failed optional dependency C:\Users\User\Desktop\fathudives\node_modules\@img\sharp-libvips-darwin-x64
110 silly reify mark deleted [
110 silly reify   'C:\\Users\\User\\Desktop\\fathudives\\node_modules\\@img\\sharp-libvips-darwin-x64'
110 silly reify ]
111 verbose reify failed optional dependency C:\Users\User\Desktop\fathudives\node_modules\@img\sharp-libvips-darwin-arm64
112 silly reify mark deleted [
112 silly reify   'C:\\Users\\User\\Desktop\\fathudives\\node_modules\\@img\\sharp-libvips-darwin-arm64'
112 silly reify ]
113 verbose reify failed optional dependency C:\Users\User\Desktop\fathudives\node_modules\@img\sharp-darwin-x64
114 silly reify mark deleted [
114 silly reify   'C:\\Users\\User\\Desktop\\fathudives\\node_modules\\@img\\sharp-darwin-x64'
114 silly reify ]
115 verbose reify failed optional dependency C:\Users\User\Desktop\fathudives\node_modules\@img\sharp-darwin-arm64
116 silly reify mark deleted [
116 silly reify   'C:\\Users\\User\\Desktop\\fathudives\\node_modules\\@img\\sharp-darwin-arm64'
116 silly reify ]
117 http cache zod-to-json-schema@https://registry.npmjs.org/zod-to-json-schema/-/zod-to-json-schema-3.25.2.tgz 553ms (cache hit)
118 http cache zod@https://registry.npmjs.org/zod/-/zod-4.4.3.tgz 12ms (cache hit)
119 http cache yoctocolors@https://registry.npmjs.org/yoctocolors/-/yoctocolors-2.1.2.tgz 0ms (cache hit)
120 http cache yallist@https://registry.npmjs.org/yallist/-/yallist-3.1.1.tgz 5ms (cache hit)
121 http cache wsl-utils@https://registry.npmjs.org/wsl-utils/-/wsl-utils-0.3.1.tgz 1ms (cache hit)
122 http cache wrappy@https://registry.npmjs.org/wrappy/-/wrappy-1.0.2.tgz 55ms (cache hit)
123 http cache vary@https://registry.npmjs.org/vary/-/vary-1.1.2.tgz 0ms (cache hit)
124 http cache which@https://registry.npmjs.org/which/-/which-4.0.0.tgz 0ms (cache hit)
125 http cache validate-npm-package-name@https://registry.npmjs.org/validate-npm-package-name/-/validate-npm-package-name-7.0.2.tgz 0ms (cache hit)
126 http cache use-sync-external-store@https://registry.npmjs.org/use-sync-external-store/-/use-sync-external-store-1.6.0.tgz 3ms (cache hit)
127 http cache update-browserslist-db@https://registry.npmjs.org/update-browserslist-db/-/update-browserslist-db-1.2.3.tgz 0ms (cache hit)
128 http cache unpipe@https://registry.npmjs.org/unpipe/-/unpipe-1.0.0.tgz 20ms (cache hit)
129 http cache universalify@https://registry.npmjs.org/universalify/-/universalify-2.0.1.tgz 1ms (cache hit)
130 http cache unicorn-magic@https://registry.npmjs.org/unicorn-magic/-/unicorn-magic-0.3.0.tgz 1ms (cache hit)
131 http cache undici-types@https://registry.npmjs.org/undici-types/-/undici-types-7.18.2.tgz 0ms (cache hit)
132 http cache undici@https://registry.npmjs.org/undici/-/undici-7.28.0.tgz 0ms (cache hit)
133 http cache typescript@https://registry.npmjs.org/typescript/-/typescript-5.7.3.tgz 0ms (cache hit)
134 http cache type-is@https://registry.npmjs.org/type-is/-/type-is-2.1.0.tgz 0ms (cache hit)
135 http cache tslib@https://registry.npmjs.org/tslib/-/tslib-2.8.1.tgz 0ms (cache hit)
136 http cache tsconfig-paths@https://registry.npmjs.org/tsconfig-paths/-/tsconfig-paths-4.2.0.tgz 0ms (cache hit)
137 http cache tw-animate-css@https://registry.npmjs.org/tw-animate-css/-/tw-animate-css-1.4.0.tgz 2ms (cache hit)
138 http cache ts-morph@https://registry.npmjs.org/ts-morph/-/ts-morph-26.0.0.tgz 0ms (cache hit)
139 http cache toidentifier@https://registry.npmjs.org/toidentifier/-/toidentifier-1.0.1.tgz 0ms (cache hit)
140 http cache to-regex-range@https://registry.npmjs.org/to-regex-range/-/to-regex-range-5.0.1.tgz 0ms (cache hit)
141 http cache tiny-invariant@https://registry.npmjs.org/tiny-invariant/-/tiny-invariant-1.3.3.tgz 2ms (cache hit)
142 http cache tapable@https://registry.npmjs.org/tapable/-/tapable-2.3.3.tgz 82ms (cache hit)
143 http cache tailwind-merge@https://registry.npmjs.org/tailwind-merge/-/tailwind-merge-3.6.0.tgz 1ms (cache hit)
144 http cache tailwindcss@https://registry.npmjs.org/tailwindcss/-/tailwindcss-4.3.2.tgz 0ms (cache hit)
145 http cache systeminformation@https://registry.npmjs.org/systeminformation/-/systeminformation-5.31.17.tgz 9ms (cache hit)
146 http cache styled-jsx@https://registry.npmjs.org/styled-jsx/-/styled-jsx-5.1.6.tgz 0ms (cache hit)
147 http cache strip-final-newline@https://registry.npmjs.org/strip-final-newline/-/strip-final-newline-4.0.0.tgz 0ms (cache hit)
148 http cache strip-bom@https://registry.npmjs.org/strip-bom/-/strip-bom-3.0.0.tgz 0ms (cache hit)
149 http cache strip-ansi@https://registry.npmjs.org/strip-ansi/-/strip-ansi-6.0.1.tgz 1ms (cache hit)
150 http cache stringify-object@https://registry.npmjs.org/stringify-object/-/stringify-object-5.0.0.tgz 41ms (cache hit)
151 http cache string-width@https://registry.npmjs.org/string-width/-/string-width-7.2.0.tgz 1ms (cache hit)
152 http cache stdin-discarder@https://registry.npmjs.org/stdin-discarder/-/stdin-discarder-0.2.2.tgz 0ms (cache hit)
153 http cache source-map-js@https://registry.npmjs.org/source-map-js/-/source-map-js-1.2.1.tgz 27ms (cache hit)
154 http cache source-map@https://registry.npmjs.org/source-map/-/source-map-0.6.1.tgz 0ms (cache hit)
155 http cache sonner@https://registry.npmjs.org/sonner/-/sonner-2.0.7.tgz 1ms (cache hit)
156 http cache sisteransi@https://registry.npmjs.org/sisteransi/-/sisteransi-1.0.5.tgz 0ms (cache hit)
157 http cache signal-exit@https://registry.npmjs.org/signal-exit/-/signal-exit-4.1.0.tgz 0ms (cache hit)
158 http cache side-channel-weakmap@https://registry.npmjs.org/side-channel-weakmap/-/side-channel-weakmap-1.0.2.tgz 0ms (cache hit)
159 http cache yocto-spinner@https://registry.npmjs.org/yocto-spinner/-/yocto-spinner-1.2.1.tgz 0ms (cache hit)
160 http cache util-deprecate@https://registry.npmjs.org/util-deprecate/-/util-deprecate-1.0.2.tgz 0ms (cache hit)
161 http cache side-channel@https://registry.npmjs.org/side-channel/-/side-channel-1.1.1.tgz 31ms (cache hit)
162 http cache shebang-regex@https://registry.npmjs.org/shebang-regex/-/shebang-regex-3.0.0.tgz 0ms (cache hit)
163 http cache sharp@https://registry.npmjs.org/sharp/-/sharp-0.34.5.tgz 1ms (cache hit)
164 http cache side-channel-list@https://registry.npmjs.org/side-channel-list/-/side-channel-list-1.0.1.tgz 0ms (cache hit)
165 http cache shadcn@https://registry.npmjs.org/shadcn/-/shadcn-4.13.0.tgz 0ms (cache hit)
166 http cache setprototypeof@https://registry.npmjs.org/setprototypeof/-/setprototypeof-1.2.0.tgz 53ms (cache hit)
167 http cache serve-static@https://registry.npmjs.org/serve-static/-/serve-static-2.2.1.tgz 0ms (cache hit)
168 http cache send@https://registry.npmjs.org/send/-/send-1.2.1.tgz 27ms (cache hit)
169 http cache semver@https://registry.npmjs.org/semver/-/semver-6.3.1.tgz 0ms (cache hit)
170 http cache safer-buffer@https://registry.npmjs.org/safer-buffer/-/safer-buffer-2.1.2.tgz 1ms (cache hit)
171 http cache run-parallel@https://registry.npmjs.org/run-parallel/-/run-parallel-1.2.0.tgz 0ms (cache hit)
172 http cache scheduler@https://registry.npmjs.org/scheduler/-/scheduler-0.27.0.tgz 1ms (cache hit)
173 http cache run-applescript@https://registry.npmjs.org/run-applescript/-/run-applescript-7.1.0.tgz 0ms (cache hit)
174 http cache router@https://registry.npmjs.org/router/-/router-2.2.0.tgz 0ms (cache hit)
175 http cache reusify@https://registry.npmjs.org/reusify/-/reusify-1.1.0.tgz 0ms (cache hit)
176 http cache restore-cursor@https://registry.npmjs.org/restore-cursor/-/restore-cursor-5.1.0.tgz 0ms (cache hit)
177 http cache reselect@https://registry.npmjs.org/reselect/-/reselect-5.2.0.tgz 0ms (cache hit)
178 http cache recast@https://registry.npmjs.org/recast/-/recast-0.23.12.tgz 0ms (cache hit)
179 http cache statuses@https://registry.npmjs.org/statuses/-/statuses-2.0.2.tgz 1ms (cache hit)
180 http cache require-from-string@https://registry.npmjs.org/require-from-string/-/require-from-string-2.0.2.tgz 0ms (cache hit)
181 http cache react-dom@https://registry.npmjs.org/react-dom/-/react-dom-19.2.7.tgz 2ms (cache hit)
182 http cache react-day-picker@https://registry.npmjs.org/react-day-picker/-/react-day-picker-10.0.1.tgz 14ms (cache hit)
183 http cache react@https://registry.npmjs.org/react/-/react-19.2.7.tgz 1ms (cache hit)
184 http cache raw-body@https://registry.npmjs.org/raw-body/-/raw-body-3.0.2.tgz 1ms (cache hit)
185 http cache range-parser@https://registry.npmjs.org/range-parser/-/range-parser-1.3.0.tgz 1ms (cache hit)
186 http cache queue-microtask@https://registry.npmjs.org/queue-microtask/-/queue-microtask-1.2.3.tgz 0ms (cache hit)
187 http cache proxy-addr@https://registry.npmjs.org/proxy-addr/-/proxy-addr-2.0.7.tgz 1ms (cache hit)
188 http cache prompts@https://registry.npmjs.org/prompts/-/prompts-2.4.2.tgz 22ms (cache hit)
189 http cache qs@https://registry.npmjs.org/qs/-/qs-6.15.3.tgz 0ms (cache hit)
190 http cache shebang-command@https://registry.npmjs.org/shebang-command/-/shebang-command-2.0.0.tgz 0ms (cache hit)
191 http cache side-channel-map@https://registry.npmjs.org/side-channel-map/-/side-channel-map-1.0.1.tgz 0ms (cache hit)
192 http cache powershell-utils@https://registry.npmjs.org/powershell-utils/-/powershell-utils-0.1.0.tgz 50ms (cache hit)
193 http cache postcss-selector-parser@https://registry.npmjs.org/postcss-selector-parser/-/postcss-selector-parser-7.1.4.tgz 0ms (cache hit)
194 http cache pkg-up@https://registry.npmjs.org/pkg-up/-/pkg-up-3.1.0.tgz 0ms (cache hit)
195 http cache picocolors@https://registry.npmjs.org/picocolors/-/picocolors-1.1.1.tgz 0ms (cache hit)
196 http cache pkce-challenge@https://registry.npmjs.org/pkce-challenge/-/pkce-challenge-5.0.1.tgz 1ms (cache hit)
197 http cache picomatch@https://registry.npmjs.org/picomatch/-/picomatch-4.0.5.tgz 0ms (cache hit)
198 http cache path-to-regexp@https://registry.npmjs.org/path-to-regexp/-/path-to-regexp-8.4.2.tgz 0ms (cache hit)
199 http cache path-exists@https://registry.npmjs.org/path-exists/-/path-exists-3.0.0.tgz 0ms (cache hit)
200 http cache resolve-from@https://registry.npmjs.org/resolve-from/-/resolve-from-4.0.0.tgz 1ms (cache hit)
201 http cache path-browserify@https://registry.npmjs.org/path-browserify/-/path-browserify-1.0.1.tgz 0ms (cache hit)
202 http cache parseurl@https://registry.npmjs.org/parseurl/-/parseurl-1.3.3.tgz 0ms (cache hit)
203 http cache parent-module@https://registry.npmjs.org/parent-module/-/parent-module-1.0.1.tgz 0ms (cache hit)
204 http cache parse-json@https://registry.npmjs.org/parse-json/-/parse-json-5.2.0.tgz 0ms (cache hit)
205 http cache parse-ms@https://registry.npmjs.org/parse-ms/-/parse-ms-4.0.0.tgz 1ms (cache hit)
206 http cache p-try@https://registry.npmjs.org/p-try/-/p-try-2.2.0.tgz 1ms (cache hit)
207 http cache p-locate@https://registry.npmjs.org/p-locate/-/p-locate-3.0.0.tgz 0ms (cache hit)
208 http cache p-limit@https://registry.npmjs.org/p-limit/-/p-limit-2.3.0.tgz 0ms (cache hit)
209 http cache ora@https://registry.npmjs.org/ora/-/ora-8.2.0.tgz 0ms (cache hit)
210 http cache path-key@https://registry.npmjs.org/path-key/-/path-key-3.1.1.tgz 0ms (cache hit)
211 http cache onetime@https://registry.npmjs.org/onetime/-/onetime-5.1.2.tgz 1ms (cache hit)
212 http cache object-treeify@https://registry.npmjs.org/object-treeify/-/object-treeify-1.1.33.tgz 0ms (cache hit)
213 http cache once@https://registry.npmjs.org/once/-/once-1.4.0.tgz 0ms (cache hit)
214 http cache on-finished@https://registry.npmjs.org/on-finished/-/on-finished-2.4.1.tgz 0ms (cache hit)
215 http cache npm-run-path@https://registry.npmjs.org/npm-run-path/-/npm-run-path-6.0.0.tgz 0ms (cache hit)
216 http cache object-inspect@https://registry.npmjs.org/object-inspect/-/object-inspect-1.13.4.tgz 0ms (cache hit)
217 http cache object-assign@https://registry.npmjs.org/object-assign/-/object-assign-4.1.1.tgz 0ms (cache hit)
218 http cache nodemailer@https://registry.npmjs.org/nodemailer/-/nodemailer-9.0.4.tgz 1ms (cache hit)
219 http cache node-releases@https://registry.npmjs.org/node-releases/-/node-releases-2.0.51.tgz 0ms (cache hit)
220 http cache next-themes@https://registry.npmjs.org/next-themes/-/next-themes-0.4.6.tgz 1ms (cache hit)
221 http cache open@https://registry.npmjs.org/open/-/open-11.0.0.tgz 0ms (cache hit)
222 http cache nanoid@https://registry.npmjs.org/nanoid/-/nanoid-3.3.16.tgz 0ms (cache hit)
223 http cache motion-utils@https://registry.npmjs.org/motion-utils/-/motion-utils-12.39.0.tgz 0ms (cache hit)
224 http cache ms@https://registry.npmjs.org/ms/-/ms-2.1.3.tgz 1ms (cache hit)
225 http cache pretty-ms@https://registry.npmjs.org/pretty-ms/-/pretty-ms-9.3.0.tgz 1ms (cache hit)
226 http cache motion@https://registry.npmjs.org/motion/-/motion-12.42.2.tgz 0ms (cache hit)
227 http cache motion-dom@https://registry.npmjs.org/motion-dom/-/motion-dom-12.42.2.tgz 0ms (cache hit)
228 http cache minimatch@https://registry.npmjs.org/minimatch/-/minimatch-10.2.5.tgz 0ms (cache hit)
229 http cache minimist@https://registry.npmjs.org/minimist/-/minimist-1.2.8.tgz 0ms (cache hit)
230 http cache postcss@https://registry.npmjs.org/postcss/-/postcss-8.5.19.tgz 1ms (cache hit)
231 http cache mimic-function@https://registry.npmjs.org/mimic-function/-/mimic-function-5.0.1.tgz 0ms (cache hit)
232 http cache mimic-fn@https://registry.npmjs.org/mimic-fn/-/mimic-fn-3.1.0.tgz 0ms (cache hit)
233 http cache mime-db@https://registry.npmjs.org/mime-db/-/mime-db-1.54.0.tgz 0ms (cache hit)
234 http cache merge-stream@https://registry.npmjs.org/merge-stream/-/merge-stream-2.0.0.tgz 0ms (cache hit)
235 http cache micromatch@https://registry.npmjs.org/micromatch/-/micromatch-4.0.8.tgz 0ms (cache hit)
236 http cache media-typer@https://registry.npmjs.org/media-typer/-/media-typer-1.1.0.tgz 0ms (cache hit)
237 http cache merge-descriptors@https://registry.npmjs.org/merge-descriptors/-/merge-descriptors-2.0.0.tgz 0ms (cache hit)
238 http cache merge2@https://registry.npmjs.org/merge2/-/merge2-1.4.1.tgz 1ms (cache hit)
239 http cache magic-string@https://registry.npmjs.org/magic-string/-/magic-string-0.30.21.tgz 0ms (cache hit)
240 http cache mime-types@https://registry.npmjs.org/mime-types/-/mime-types-3.0.2.tgz 0ms (cache hit)
241 http cache lucide-react@https://registry.npmjs.org/lucide-react/-/lucide-react-1.24.0.tgz 1ms (cache hit)
242 http cache log-symbols@https://registry.npmjs.org/log-symbols/-/log-symbols-6.0.0.tgz 0ms (cache hit)
243 http cache lru-cache@https://registry.npmjs.org/lru-cache/-/lru-cache-5.1.1.tgz 0ms (cache hit)
244 http cache locate-path@https://registry.npmjs.org/locate-path/-/locate-path-3.0.0.tgz 0ms (cache hit)
245 http cache lines-and-columns@https://registry.npmjs.org/lines-and-columns/-/lines-and-columns-1.2.4.tgz 1ms (cache hit)
246 http cache next@https://registry.npmjs.org/next/-/next-16.2.6.tgz 0ms (cache hit)
247 http cache lightningcss-win32-x64-msvc@https://registry.npmjs.org/lightningcss-win32-x64-msvc/-/lightningcss-win32-x64-msvc-1.32.0.tgz 0ms (cache hit)
248 http cache kleur@https://registry.npmjs.org/kleur/-/kleur-4.1.5.tgz 0ms (cache hit)
249 http cache json-schema-typed@https://registry.npmjs.org/json-schema-typed/-/json-schema-typed-8.0.2.tgz 0ms (cache hit)
250 http cache json5@https://registry.npmjs.org/json5/-/json5-2.2.3.tgz 0ms (cache hit)
251 http cache jsonfile@https://registry.npmjs.org/jsonfile/-/jsonfile-6.2.1.tgz 47ms (cache hit)
252 http cache json-schema-traverse@https://registry.npmjs.org/json-schema-traverse/-/json-schema-traverse-1.0.0.tgz 1ms (cache hit)
253 http cache json-parse-even-better-errors@https://registry.npmjs.org/json-parse-even-better-errors/-/json-parse-even-better-errors-2.3.1.tgz 1ms (cache hit)
254 http cache js-tokens@https://registry.npmjs.org/js-tokens/-/js-tokens-4.0.0.tgz 0ms (cache hit)
255 http cache negotiator@https://registry.npmjs.org/negotiator/-/negotiator-1.0.0.tgz 348ms (cache hit)
256 http cache js-yaml@https://registry.npmjs.org/js-yaml/-/js-yaml-4.3.0.tgz 0ms (cache hit)
257 http cache jose@https://registry.npmjs.org/jose/-/jose-6.2.3.tgz 0ms (cache hit)
258 http cache isexe@https://registry.npmjs.org/isexe/-/isexe-3.1.5.tgz 0ms (cache hit)
259 http cache jiti@https://registry.npmjs.org/jiti/-/jiti-2.7.0.tgz 0ms (cache hit)
260 http cache is-wsl@https://registry.npmjs.org/is-wsl/-/is-wsl-3.1.1.tgz 1ms (cache hit)
261 http cache is-promise@https://registry.npmjs.org/is-promise/-/is-promise-4.0.0.tgz 0ms (cache hit)
262 http cache is-regexp@https://registry.npmjs.org/is-regexp/-/is-regexp-3.1.0.tgz 0ms (cache hit)
263 http cache is-plain-obj@https://registry.npmjs.org/is-plain-obj/-/is-plain-obj-4.1.0.tgz 0ms (cache hit)
264 http cache is-unicode-supported@https://registry.npmjs.org/is-unicode-supported/-/is-unicode-supported-2.1.0.tgz 0ms (cache hit)
265 http cache is-obj@https://registry.npmjs.org/is-obj/-/is-obj-2.0.0.tgz 0ms (cache hit)
266 http cache is-stream@https://registry.npmjs.org/is-stream/-/is-stream-4.0.1.tgz 1ms (cache hit)
267 http cache is-number@https://registry.npmjs.org/is-number/-/is-number-7.0.0.tgz 0ms (cache hit)
268 http cache is-interactive@https://registry.npmjs.org/is-interactive/-/is-interactive-2.0.0.tgz 0ms (cache hit)
269 http cache is-inside-container@https://registry.npmjs.org/is-inside-container/-/is-inside-container-1.0.0.tgz 1ms (cache hit)
270 http cache is-in-ssh@https://registry.npmjs.org/is-in-ssh/-/is-in-ssh-1.0.0.tgz 0ms (cache hit)
271 http cache is-glob@https://registry.npmjs.org/is-glob/-/is-glob-4.0.3.tgz 1ms (cache hit)
272 http cache is-extglob@https://registry.npmjs.org/is-extglob/-/is-extglob-2.1.1.tgz 0ms (cache hit)
273 http cache is-docker@https://registry.npmjs.org/is-docker/-/is-docker-3.0.0.tgz 34ms (cache hit)
274 http cache is-arrayish@https://registry.npmjs.org/is-arrayish/-/is-arrayish-0.2.1.tgz 802ms (cache hit)
275 http cache ipaddr.js@https://registry.npmjs.org/ipaddr.js/-/ipaddr.js-1.9.1.tgz 0ms (cache hit)
276 http cache ip-address@https://registry.npmjs.org/ip-address/-/ip-address-10.2.0.tgz 0ms (cache hit)
277 http cache jsesc@https://registry.npmjs.org/jsesc/-/jsesc-3.1.0.tgz 1ms (cache hit)
278 http cache iconv-lite@https://registry.npmjs.org/iconv-lite/-/iconv-lite-0.7.3.tgz 0ms (cache hit)
279 http cache human-signals@https://registry.npmjs.org/human-signals/-/human-signals-8.0.1.tgz 0ms (cache hit)
280 http cache ignore@https://registry.npmjs.org/ignore/-/ignore-5.3.2.tgz 0ms (cache hit)
281 http cache iceberg-js@https://registry.npmjs.org/iceberg-js/-/iceberg-js-0.8.1.tgz 0ms (cache hit)
282 http cache inherits@https://registry.npmjs.org/inherits/-/inherits-2.0.4.tgz 0ms (cache hit)
283 http cache http-errors@https://registry.npmjs.org/http-errors/-/http-errors-2.0.1.tgz 0ms (cache hit)
284 http cache hono@https://registry.npmjs.org/hono/-/hono-4.12.30.tgz 0ms (cache hit)
285 http cache lightningcss@https://registry.npmjs.org/lightningcss/-/lightningcss-1.32.0.tgz 0ms (cache hit)
286 http cache has-symbols@https://registry.npmjs.org/has-symbols/-/has-symbols-1.1.0.tgz 0ms (cache hit)
287 http cache gopd@https://registry.npmjs.org/gopd/-/gopd-1.2.0.tgz 0ms (cache hit)
288 http cache glob-parent@https://registry.npmjs.org/glob-parent/-/glob-parent-5.1.2.tgz 13ms (cache hit)
289 http cache math-intrinsics@https://registry.npmjs.org/math-intrinsics/-/math-intrinsics-1.1.0.tgz 2ms (cache hit)
290 http cache graceful-fs@https://registry.npmjs.org/graceful-fs/-/graceful-fs-4.2.11.tgz 1ms (cache hit)
291 http cache get-stream@https://registry.npmjs.org/get-stream/-/get-stream-9.0.1.tgz 1ms (cache hit)
292 http cache get-proto@https://registry.npmjs.org/get-proto/-/get-proto-1.0.1.tgz 0ms (cache hit)
293 http cache get-own-enumerable-keys@https://registry.npmjs.org/get-own-enumerable-keys/-/get-own-enumerable-keys-1.0.0.tgz 0ms (cache hit)
294 http cache get-east-asian-width@https://registry.npmjs.org/get-east-asian-width/-/get-east-asian-width-1.6.0.tgz 15ms (cache hit)
295 http cache gensync@https://registry.npmjs.org/gensync/-/gensync-1.0.0-beta.2.tgz 0ms (cache hit)
296 http cache fuzzysort@https://registry.npmjs.org/fuzzysort/-/fuzzysort-3.1.0.tgz 0ms (cache hit)
297 http cache import-fresh@https://registry.npmjs.org/import-fresh/-/import-fresh-3.3.1.tgz 1ms (cache hit)
298 http cache fs-extra@https://registry.npmjs.org/fs-extra/-/fs-extra-11.3.6.tgz 0ms (cache hit)
299 http cache fresh@https://registry.npmjs.org/fresh/-/fresh-2.0.0.tgz 0ms (cache hit)
300 http cache framer-motion@https://registry.npmjs.org/framer-motion/-/framer-motion-12.42.2.tgz 2ms (cache hit)
301 http cache finalhandler@https://registry.npmjs.org/finalhandler/-/finalhandler-2.1.1.tgz 0ms (cache hit)
302 http cache hasown@https://registry.npmjs.org/hasown/-/hasown-2.0.4.tgz 0ms (cache hit)
303 http cache fdir@https://registry.npmjs.org/fdir/-/fdir-6.5.0.tgz 0ms (cache hit)
304 http cache find-up@https://registry.npmjs.org/find-up/-/find-up-3.0.0.tgz 0ms (cache hit)
305 http cache forwarded@https://registry.npmjs.org/forwarded/-/forwarded-0.2.0.tgz 16ms (cache hit)
306 http cache get-intrinsic@https://registry.npmjs.org/get-intrinsic/-/get-intrinsic-1.3.0.tgz 0ms (cache hit)
307 http cache fastq@https://registry.npmjs.org/fastq/-/fastq-1.20.1.tgz 0ms (cache hit)
308 http cache fast-uri@https://registry.npmjs.org/fast-uri/-/fast-uri-3.1.3.tgz 0ms (cache hit)
309 http cache fast-glob@https://registry.npmjs.org/fast-glob/-/fast-glob-3.3.3.tgz 0ms (cache hit)
310 http cache function-bind@https://registry.npmjs.org/function-bind/-/function-bind-1.1.2.tgz 0ms (cache hit)
311 http cache express-rate-limit@https://registry.npmjs.org/express-rate-limit/-/express-rate-limit-8.5.2.tgz 1ms (cache hit)
312 http cache express@https://registry.npmjs.org/express/-/express-5.2.1.tgz 0ms (cache hit)
313 http cache eventsource-parser@https://registry.npmjs.org/eventsource-parser/-/eventsource-parser-3.1.0.tgz 0ms (cache hit)
314 http cache fast-deep-equal@https://registry.npmjs.org/fast-deep-equal/-/fast-deep-equal-3.1.3.tgz 0ms (cache hit)
315 http cache eventsource@https://registry.npmjs.org/eventsource/-/eventsource-3.0.7.tgz 0ms (cache hit)
316 http cache etag@https://registry.npmjs.org/etag/-/etag-1.8.1.tgz 1ms (cache hit)
317 http cache esprima@https://registry.npmjs.org/esprima/-/esprima-4.0.1.tgz 84ms (cache hit)
318 http cache escalade@https://registry.npmjs.org/escalade/-/escalade-3.2.0.tgz 3ms (cache hit)
319 http cache escape-html@https://registry.npmjs.org/escape-html/-/escape-html-1.0.3.tgz 80ms (cache hit)
320 http cache es-object-atoms@https://registry.npmjs.org/es-object-atoms/-/es-object-atoms-1.1.2.tgz 1ms (cache hit)
321 http cache es-errors@https://registry.npmjs.org/es-errors/-/es-errors-1.3.0.tgz 30ms (cache hit)
322 http cache es-define-property@https://registry.npmjs.org/es-define-property/-/es-define-property-1.0.1.tgz 0ms (cache hit)
323 http cache env-paths@https://registry.npmjs.org/env-paths/-/env-paths-2.2.1.tgz 0ms (cache hit)
324 http cache error-ex@https://registry.npmjs.org/error-ex/-/error-ex-1.3.4.tgz 0ms (cache hit)
325 http cache enquirer@https://registry.npmjs.org/enquirer/-/enquirer-2.4.1.tgz 0ms (cache hit)
326 http cache enhanced-resolve@https://registry.npmjs.org/enhanced-resolve/-/enhanced-resolve-5.21.6.tgz 39ms (cache hit)
327 http cache emoji-regex@https://registry.npmjs.org/emoji-regex/-/emoji-regex-10.6.0.tgz 2ms (cache hit)
328 http cache electron-to-chromium@https://registry.npmjs.org/electron-to-chromium/-/electron-to-chromium-1.5.392.tgz 0ms (cache hit)
329 http cache fill-range@https://registry.npmjs.org/fill-range/-/fill-range-7.1.1.tgz 0ms (cache hit)
330 http cache encodeurl@https://registry.npmjs.org/encodeurl/-/encodeurl-2.0.0.tgz 0ms (cache hit)
331 http cache dunder-proto@https://registry.npmjs.org/dunder-proto/-/dunder-proto-1.0.1.tgz 0ms (cache hit)
332 http cache dotenv@https://registry.npmjs.org/dotenv/-/dotenv-17.4.2.tgz 1ms (cache hit)
333 http cache figures@https://registry.npmjs.org/figures/-/figures-6.1.0.tgz 95ms (cache hit)
334 http cache diff@https://registry.npmjs.org/diff/-/diff-8.0.4.tgz 0ms (cache hit)
335 http cache depd@https://registry.npmjs.org/depd/-/depd-2.0.0.tgz 0ms (cache hit)
336 http cache detect-libc@https://registry.npmjs.org/detect-libc/-/detect-libc-2.1.2.tgz 0ms (cache hit)
337 http cache define-lazy-prop@https://registry.npmjs.org/define-lazy-prop/-/define-lazy-prop-3.0.0.tgz 41ms (cache hit)
338 http cache default-browser-id@https://registry.npmjs.org/default-browser-id/-/default-browser-id-5.0.1.tgz 0ms (cache hit)
339 http cache deepmerge@https://registry.npmjs.org/deepmerge/-/deepmerge-4.3.1.tgz 0ms (cache hit)
340 http cache default-browser@https://registry.npmjs.org/default-browser/-/default-browser-5.5.0.tgz 0ms (cache hit)
341 http cache dedent@https://registry.npmjs.org/dedent/-/dedent-1.7.2.tgz 0ms (cache hit)
342 http cache debug@https://registry.npmjs.org/debug/-/debug-4.4.3.tgz 2ms (cache hit)
343 http cache dot-prop@https://registry.npmjs.org/dot-prop/-/dot-prop-6.0.1.tgz 0ms (cache hit)
344 http cache date-fns@https://registry.npmjs.org/date-fns/-/date-fns-4.4.0.tgz 1ms (cache hit)
345 http cache csstype@https://registry.npmjs.org/csstype/-/csstype-3.2.3.tgz 1ms (cache hit)
346 http cache cssesc@https://registry.npmjs.org/cssesc/-/cssesc-3.0.0.tgz 0ms (cache hit)
347 http cache cross-spawn@https://registry.npmjs.org/cross-spawn/-/cross-spawn-7.0.6.tgz 0ms (cache hit)
348 http cache cors@https://registry.npmjs.org/cors/-/cors-2.8.6.tgz 0ms (cache hit)
349 http cache cosmiconfig@https://registry.npmjs.org/cosmiconfig/-/cosmiconfig-9.0.2.tgz 0ms (cache hit)
350 http cache cookie-signature@https://registry.npmjs.org/cookie-signature/-/cookie-signature-1.2.2.tgz 0ms (cache hit)
351 http cache cookie@https://registry.npmjs.org/cookie/-/cookie-1.1.1.tgz 0ms (cache hit)
352 http cache debounce-fn@https://registry.npmjs.org/debounce-fn/-/debounce-fn-4.0.0.tgz 0ms (cache hit)
353 http cache content-type@https://registry.npmjs.org/content-type/-/content-type-1.0.5.tgz 1ms (cache hit)
354 http cache conf@https://registry.npmjs.org/conf/-/conf-10.2.0.tgz 0ms (cache hit)
355 http cache commander@https://registry.npmjs.org/commander/-/commander-14.0.3.tgz 0ms (cache hit)
356 http cache code-block-writer@https://registry.npmjs.org/code-block-writer/-/code-block-writer-13.0.3.tgz 0ms (cache hit)
357 http cache content-disposition@https://registry.npmjs.org/content-disposition/-/content-disposition-1.1.0.tgz 0ms (cache hit)
358 http cache client-only@https://registry.npmjs.org/client-only/-/client-only-0.0.1.tgz 0ms (cache hit)
359 http cache cli-cursor@https://registry.npmjs.org/cli-cursor/-/cli-cursor-5.0.0.tgz 307ms (cache hit)
360 http cache class-variance-authority@https://registry.npmjs.org/class-variance-authority/-/class-variance-authority-0.7.1.tgz 0ms (cache hit)
361 http cache clsx@https://registry.npmjs.org/clsx/-/clsx-2.1.1.tgz 0ms (cache hit)
362 http cache cli-spinners@https://registry.npmjs.org/cli-spinners/-/cli-spinners-2.9.2.tgz 0ms (cache hit)
363 http cache chalk@https://registry.npmjs.org/chalk/-/chalk-5.6.2.tgz 0ms (cache hit)
364 http cache call-bind-apply-helpers@https://registry.npmjs.org/call-bind-apply-helpers/-/call-bind-apply-helpers-1.0.2.tgz 0ms (cache hit)
365 http cache bytes@https://registry.npmjs.org/bytes/-/bytes-3.1.2.tgz 0ms (cache hit)
366 http cache call-bound@https://registry.npmjs.org/call-bound/-/call-bound-1.0.4.tgz 0ms (cache hit)
367 http cache callsites@https://registry.npmjs.org/callsites/-/callsites-3.1.0.tgz 1ms (cache hit)
368 http cache caniuse-lite@https://registry.npmjs.org/caniuse-lite/-/caniuse-lite-1.0.30001805.tgz 0ms (cache hit)
369 http cache braces@https://registry.npmjs.org/braces/-/braces-3.0.3.tgz 32ms (cache hit)
370 http cache browserslist@https://registry.npmjs.org/browserslist/-/browserslist-4.28.6.tgz 0ms (cache hit)
371 http cache baseline-browser-mapping@https://registry.npmjs.org/baseline-browser-mapping/-/baseline-browser-mapping-2.10.43.tgz 0ms (cache hit)
372 http cache brace-expansion@https://registry.npmjs.org/brace-expansion/-/brace-expansion-5.0.7.tgz 0ms (cache hit)
373 http cache balanced-match@https://registry.npmjs.org/balanced-match/-/balanced-match-4.0.4.tgz 0ms (cache hit)
374 http cache atomically@https://registry.npmjs.org/atomically/-/atomically-1.7.0.tgz 1ms (cache hit)
375 http cache ast-types@https://registry.npmjs.org/ast-types/-/ast-types-0.16.1.tgz 0ms (cache hit)
376 http cache argparse@https://registry.npmjs.org/argparse/-/argparse-2.0.1.tgz 0ms (cache hit)
377 http cache ansi-regex@https://registry.npmjs.org/ansi-regex/-/ansi-regex-5.0.1.tgz 0ms (cache hit)
378 http cache bundle-name@https://registry.npmjs.org/bundle-name/-/bundle-name-4.1.0.tgz 0ms (cache hit)
379 http cache ajv-formats@https://registry.npmjs.org/ajv-formats/-/ajv-formats-3.0.1.tgz 0ms (cache hit)
380 http cache ansi-colors@https://registry.npmjs.org/ansi-colors/-/ansi-colors-4.1.3.tgz 1ms (cache hit)
381 http cache ajv@https://registry.npmjs.org/ajv/-/ajv-8.20.0.tgz 11ms (cache hit)
382 http cache @types/validate-npm-package-name@https://registry.npmjs.org/@types/validate-npm-package-name/-/validate-npm-package-name-4.0.2.tgz 0ms (cache hit)
383 http cache @vercel/analytics@https://registry.npmjs.org/@vercel/analytics/-/analytics-1.6.1.tgz 0ms (cache hit)
384 http cache accepts@https://registry.npmjs.org/accepts/-/accepts-2.0.0.tgz 1ms (cache hit)
385 http cache body-parser@https://registry.npmjs.org/body-parser/-/body-parser-2.3.0.tgz 0ms (cache hit)
386 http cache @types/react-dom@https://registry.npmjs.org/@types/react-dom/-/react-dom-19.2.3.tgz 0ms (cache hit)
387 http cache @types/nodemailer@https://registry.npmjs.org/@types/nodemailer/-/nodemailer-8.0.1.tgz 0ms (cache hit)
388 http cache @types/node@https://registry.npmjs.org/@types/node/-/node-24.13.3.tgz 0ms (cache hit)
389 http cache @types/react@https://registry.npmjs.org/@types/react/-/react-19.2.17.tgz 0ms (cache hit)
390 http cache @ts-morph/common@https://registry.npmjs.org/@ts-morph/common/-/common-0.27.0.tgz 23ms (cache hit)
391 http cache @tailwindcss/postcss@https://registry.npmjs.org/@tailwindcss/postcss/-/postcss-4.3.2.tgz 0ms (cache hit)
392 http cache @tailwindcss/oxide-win32-x64-msvc@https://registry.npmjs.org/@tailwindcss/oxide-win32-x64-msvc/-/oxide-win32-x64-msvc-4.3.2.tgz 0ms (cache hit)
393 http cache @tailwindcss/oxide@https://registry.npmjs.org/@tailwindcss/oxide/-/oxide-4.3.2.tgz 0ms (cache hit)
394 http cache @tailwindcss/node@https://registry.npmjs.org/@tailwindcss/node/-/node-4.3.2.tgz 0ms (cache hit)
395 http cache @swc/helpers@https://registry.npmjs.org/@swc/helpers/-/helpers-0.5.15.tgz 0ms (cache hit)
396 http cache @supabase/supabase-js@https://registry.npmjs.org/@supabase/supabase-js/-/supabase-js-2.110.6.tgz 0ms (cache hit)
397 http cache @supabase/storage-js@https://registry.npmjs.org/@supabase/storage-js/-/storage-js-2.110.6.tgz 1ms (cache hit)
398 http cache @supabase/ssr@https://registry.npmjs.org/@supabase/ssr/-/ssr-0.12.3.tgz 0ms (cache hit)
399 http cache @supabase/realtime-js@https://registry.npmjs.org/@supabase/realtime-js/-/realtime-js-2.110.6.tgz 0ms (cache hit)
400 http cache @supabase/postgrest-js@https://registry.npmjs.org/@supabase/postgrest-js/-/postgrest-js-2.110.6.tgz 0ms (cache hit)
401 http cache @supabase/phoenix@https://registry.npmjs.org/@supabase/phoenix/-/phoenix-0.4.4.tgz 1ms (cache hit)
402 http cache @supabase/functions-js@https://registry.npmjs.org/@supabase/functions-js/-/functions-js-2.110.6.tgz 0ms (cache hit)
403 http cache @supabase/auth-js@https://registry.npmjs.org/@supabase/auth-js/-/auth-js-2.110.6.tgz 1ms (cache hit)
404 http cache @sindresorhus/merge-streams@https://registry.npmjs.org/@sindresorhus/merge-streams/-/merge-streams-4.0.0.tgz 0ms (cache hit)
405 http cache @sec-ant/readable-stream@https://registry.npmjs.org/@sec-ant/readable-stream/-/readable-stream-0.4.1.tgz 0ms (cache hit)
406 http cache @nodelib/fs.walk@https://registry.npmjs.org/@nodelib/fs.walk/-/fs.walk-1.2.8.tgz 0ms (cache hit)
407 http cache @nodelib/fs.stat@https://registry.npmjs.org/@nodelib/fs.stat/-/fs.stat-2.0.5.tgz 1ms (cache hit)
408 http cache @nodelib/fs.scandir@https://registry.npmjs.org/@nodelib/fs.scandir/-/fs.scandir-2.1.5.tgz 1ms (cache hit)
409 http cache @next/swc-win32-x64-msvc@https://registry.npmjs.org/@next/swc-win32-x64-msvc/-/swc-win32-x64-msvc-16.2.6.tgz 0ms (cache hit)
410 http cache @next/env@https://registry.npmjs.org/@next/env/-/env-16.2.6.tgz 0ms (cache hit)
411 http cache @modelcontextprotocol/sdk@https://registry.npmjs.org/@modelcontextprotocol/sdk/-/sdk-1.29.0.tgz 0ms (cache hit)
412 http cache @jridgewell/trace-mapping@https://registry.npmjs.org/@jridgewell/trace-mapping/-/trace-mapping-0.3.31.tgz 0ms (cache hit)
413 http cache @jridgewell/sourcemap-codec@https://registry.npmjs.org/@jridgewell/sourcemap-codec/-/sourcemap-codec-1.5.5.tgz 0ms (cache hit)
414 http cache @jridgewell/remapping@https://registry.npmjs.org/@jridgewell/remapping/-/remapping-2.3.5.tgz 0ms (cache hit)
415 http cache @jridgewell/resolve-uri@https://registry.npmjs.org/@jridgewell/resolve-uri/-/resolve-uri-3.1.2.tgz 0ms (cache hit)
416 http cache @jridgewell/gen-mapping@https://registry.npmjs.org/@jridgewell/gen-mapping/-/gen-mapping-0.3.13.tgz 0ms (cache hit)
417 http cache @img/sharp-win32-x64@https://registry.npmjs.org/@img/sharp-win32-x64/-/sharp-win32-x64-0.34.5.tgz 0ms (cache hit)
418 http cache @img/colour@https://registry.npmjs.org/@img/colour/-/colour-1.1.0.tgz 1ms (cache hit)
419 http cache execa@https://registry.npmjs.org/execa/-/execa-9.6.1.tgz 37ms (cache hit)
420 http cache @hono/node-server@https://registry.npmjs.org/@hono/node-server/-/node-server-1.19.14.tgz 0ms (cache hit)
421 http cache @floating-ui/utils@https://registry.npmjs.org/@floating-ui/utils/-/utils-0.2.12.tgz 1ms (cache hit)
422 http cache @floating-ui/react-dom@https://registry.npmjs.org/@floating-ui/react-dom/-/react-dom-2.1.9.tgz 0ms (cache hit)
423 http cache @floating-ui/core@https://registry.npmjs.org/@floating-ui/core/-/core-1.8.0.tgz 0ms (cache hit)
424 http cache @emnapi/runtime@https://registry.npmjs.org/@emnapi/runtime/-/runtime-1.11.2.tgz 1ms (cache hit)
425 http cache @floating-ui/dom@https://registry.npmjs.org/@floating-ui/dom/-/dom-1.8.0.tgz 0ms (cache hit)
426 http cache @dotenvx/dotenvx@https://registry.npmjs.org/@dotenvx/dotenvx/-/dotenvx-1.75.1.tgz 0ms (cache hit)
427 http cache @date-fns/tz@https://registry.npmjs.org/@date-fns/tz/-/tz-1.5.0.tgz 1ms (cache hit)
428 http cache @base-ui/utils@https://registry.npmjs.org/@base-ui/utils/-/utils-0.3.1.tgz 1ms (cache hit)
429 http cache @base-ui/react@https://registry.npmjs.org/@base-ui/react/-/react-1.6.0.tgz 100ms (cache hit)
430 http cache @babel/types@https://registry.npmjs.org/@babel/types/-/types-7.29.7.tgz 1ms (cache hit)
431 http cache @babel/traverse@https://registry.npmjs.org/@babel/traverse/-/traverse-7.29.7.tgz 0ms (cache hit)
432 http cache @babel/runtime@https://registry.npmjs.org/@babel/runtime/-/runtime-7.29.7.tgz 0ms (cache hit)
433 http cache @babel/template@https://registry.npmjs.org/@babel/template/-/template-7.29.7.tgz 0ms (cache hit)
434 http cache @babel/preset-typescript@https://registry.npmjs.org/@babel/preset-typescript/-/preset-typescript-7.29.7.tgz 0ms (cache hit)
435 http cache @babel/plugin-transform-typescript@https://registry.npmjs.org/@babel/plugin-transform-typescript/-/plugin-transform-typescript-7.29.7.tgz 0ms (cache hit)
436 http cache @babel/plugin-transform-modules-commonjs@https://registry.npmjs.org/@babel/plugin-transform-modules-commonjs/-/plugin-transform-modules-commonjs-7.29.7.tgz 0ms (cache hit)
437 http cache @babel/plugin-syntax-typescript@https://registry.npmjs.org/@babel/plugin-syntax-typescript/-/plugin-syntax-typescript-7.29.7.tgz 0ms (cache hit)
438 http cache @dotenvx/primitives@https://registry.npmjs.org/@dotenvx/primitives/-/primitives-0.8.0.tgz 0ms (cache hit)
439 http cache @babel/parser@https://registry.npmjs.org/@babel/parser/-/parser-7.29.7.tgz 1ms (cache hit)
440 http cache @babel/helpers@https://registry.npmjs.org/@babel/helpers/-/helpers-7.29.7.tgz 0ms (cache hit)
441 http cache @babel/helper-validator-option@https://registry.npmjs.org/@babel/helper-validator-option/-/helper-validator-option-7.29.7.tgz 1ms (cache hit)
442 http cache @babel/helper-validator-identifier@https://registry.npmjs.org/@babel/helper-validator-identifier/-/helper-validator-identifier-7.29.7.tgz 0ms (cache hit)
443 http cache @babel/helper-string-parser@https://registry.npmjs.org/@babel/helper-string-parser/-/helper-string-parser-7.29.7.tgz 0ms (cache hit)
444 http cache @babel/helper-skip-transparent-expression-wrappers@https://registry.npmjs.org/@babel/helper-skip-transparent-expression-wrappers/-/helper-skip-transparent-expression-wrappers-7.29.7.tgz 1ms (cache hit)
445 http cache @babel/helper-replace-supers@https://registry.npmjs.org/@babel/helper-replace-supers/-/helper-replace-supers-7.29.7.tgz 0ms (cache hit)
446 http cache @babel/helper-plugin-utils@https://registry.npmjs.org/@babel/helper-plugin-utils/-/helper-plugin-utils-7.29.7.tgz 2ms (cache hit)
447 http cache @babel/helper-module-transforms@https://registry.npmjs.org/@babel/helper-module-transforms/-/helper-module-transforms-7.29.7.tgz 1ms (cache hit)
448 http cache ee-first@https://registry.npmjs.org/ee-first/-/ee-first-1.1.1.tgz 0ms (cache hit)
449 http cache @babel/helper-module-imports@https://registry.npmjs.org/@babel/helper-module-imports/-/helper-module-imports-7.29.7.tgz 702ms (cache hit)
450 http cache @babel/helper-member-expression-to-functions@https://registry.npmjs.org/@babel/helper-member-expression-to-functions/-/helper-member-expression-to-functions-7.29.7.tgz 163ms (cache hit)
451 http cache @babel/helper-globals@https://registry.npmjs.org/@babel/helper-globals/-/helper-globals-7.29.7.tgz 0ms (cache hit)
452 http cache @babel/helper-create-class-features-plugin@https://registry.npmjs.org/@babel/helper-create-class-features-plugin/-/helper-create-class-features-plugin-7.29.7.tgz 0ms (cache hit)
453 http cache @babel/helper-optimise-call-expression@https://registry.npmjs.org/@babel/helper-optimise-call-expression/-/helper-optimise-call-expression-7.29.7.tgz 0ms (cache hit)
454 http cache @babel/helper-annotate-as-pure@https://registry.npmjs.org/@babel/helper-annotate-as-pure/-/helper-annotate-as-pure-7.29.7.tgz 0ms (cache hit)
455 http cache @babel/generator@https://registry.npmjs.org/@babel/generator/-/generator-7.29.7.tgz 1ms (cache hit)
456 http cache @babel/core@https://registry.npmjs.org/@babel/core/-/core-7.29.7.tgz 0ms (cache hit)
457 http cache @babel/compat-data@https://registry.npmjs.org/@babel/compat-data/-/compat-data-7.29.7.tgz 0ms (cache hit)
458 http cache @babel/code-frame@https://registry.npmjs.org/@babel/code-frame/-/code-frame-7.29.7.tgz 0ms (cache hit)
459 http cache @alloc/quick-lru@https://registry.npmjs.org/@alloc/quick-lru/-/quick-lru-5.2.0.tgz 0ms (cache hit)
460 http cache content-type@https://registry.npmjs.org/content-type/-/content-type-2.0.0.tgz 1ms (cache hit)
461 http cache is-obj@https://registry.npmjs.org/is-obj/-/is-obj-3.0.0.tgz 0ms (cache hit)
462 http cache strip-ansi@https://registry.npmjs.org/strip-ansi/-/strip-ansi-7.2.0.tgz 0ms (cache hit)
463 http cache ansi-regex@https://registry.npmjs.org/ansi-regex/-/ansi-regex-6.2.2.tgz 0ms (cache hit)
464 http cache semver@https://registry.npmjs.org/semver/-/semver-7.8.5.tgz 0ms (cache hit)
465 http cache zod@https://registry.npmjs.org/zod/-/zod-3.25.76.tgz 1ms (cache hit)
466 http cache kleur@https://registry.npmjs.org/kleur/-/kleur-3.0.3.tgz 0ms (cache hit)
467 http cache strip-ansi@https://registry.npmjs.org/strip-ansi/-/strip-ansi-7.2.0.tgz 0ms (cache hit)
468 http cache @babel/plugin-syntax-jsx@https://registry.npmjs.org/@babel/plugin-syntax-jsx/-/plugin-syntax-jsx-7.29.7.tgz 1ms (cache hit)
469 http cache ansi-regex@https://registry.npmjs.org/ansi-regex/-/ansi-regex-6.2.2.tgz 0ms (cache hit)
470 http cache mimic-fn@https://registry.npmjs.org/mimic-fn/-/mimic-fn-2.1.0.tgz 0ms (cache hit)
471 http cache picomatch@https://registry.npmjs.org/picomatch/-/picomatch-2.3.2.tgz 0ms (cache hit)
472 http cache path-key@https://registry.npmjs.org/path-key/-/path-key-4.0.0.tgz 0ms (cache hit)
473 http cache postcss@https://registry.npmjs.org/postcss/-/postcss-8.4.31.tgz 0ms (cache hit)
474 http cache json-schema-typed@https://registry.npmjs.org/json-schema-typed/-/json-schema-typed-7.0.3.tgz 0ms (cache hit)
475 http cache semver@https://registry.npmjs.org/semver/-/semver-7.8.5.tgz 16ms (cache hit)
476 http cache which@https://registry.npmjs.org/which/-/which-2.0.2.tgz 0ms (cache hit)
477 http cache is-unicode-supported@https://registry.npmjs.org/is-unicode-supported/-/is-unicode-supported-1.3.0.tgz 0ms (cache hit)
478 http cache content-type@https://registry.npmjs.org/content-type/-/content-type-2.0.0.tgz 0ms (cache hit)
479 http cache ajv-formats@https://registry.npmjs.org/ajv-formats/-/ajv-formats-2.1.1.tgz 1ms (cache hit)
480 http cache cookie@https://registry.npmjs.org/cookie/-/cookie-0.7.2.tgz 2ms (cache hit)
481 http cache onetime@https://registry.npmjs.org/onetime/-/onetime-7.0.0.tgz 0ms (cache hit)
482 http cache npm-run-path@https://registry.npmjs.org/npm-run-path/-/npm-run-path-4.0.1.tgz 0ms (cache hit)
483 http cache isexe@https://registry.npmjs.org/isexe/-/isexe-2.0.0.tgz 396ms (cache hit)
484 http cache is-wsl@https://registry.npmjs.org/is-wsl/-/is-wsl-2.2.0.tgz 0ms (cache hit)
485 http cache strip-final-newline@https://registry.npmjs.org/strip-final-newline/-/strip-final-newline-2.0.0.tgz 0ms (cache hit)
486 http cache signal-exit@https://registry.npmjs.org/signal-exit/-/signal-exit-3.0.7.tgz 0ms (cache hit)
487 http cache human-signals@https://registry.npmjs.org/human-signals/-/human-signals-2.1.0.tgz 0ms (cache hit)
488 http cache is-docker@https://registry.npmjs.org/is-docker/-/is-docker-2.2.1.tgz 0ms (cache hit)
489 http cache define-lazy-prop@https://registry.npmjs.org/define-lazy-prop/-/define-lazy-prop-2.0.0.tgz 0ms (cache hit)
490 http cache get-stream@https://registry.npmjs.org/get-stream/-/get-stream-6.0.1.tgz 0ms (cache hit)
491 http cache @babel/helper-compilation-targets@https://registry.npmjs.org/@babel/helper-compilation-targets/-/helper-compilation-targets-7.29.7.tgz 0ms (cache hit)
492 http cache convert-source-map@https://registry.npmjs.org/convert-source-map/-/convert-source-map-2.0.0.tgz 0ms (cache hit)
493 http cache open@https://registry.npmjs.org/open/-/open-8.4.2.tgz 543ms (cache hit)
494 silly tarball no local data for zod-to-json-schema@https://registry.npmjs.org/zod-to-json-schema/-/zod-to-json-schema-3.25.2.tgz. Extracting by manifest.
495 silly tarball no local data for zod@https://registry.npmjs.org/zod/-/zod-4.4.3.tgz. Extracting by manifest.
496 http cache execa@https://registry.npmjs.org/execa/-/execa-5.1.1.tgz 1ms (cache hit)
497 silly tarball no local data for yoctocolors@https://registry.npmjs.org/yoctocolors/-/yoctocolors-2.1.2.tgz. Extracting by manifest.
498 silly tarball no local data for yallist@https://registry.npmjs.org/yallist/-/yallist-3.1.1.tgz. Extracting by manifest.
499 silly tarball no local data for wsl-utils@https://registry.npmjs.org/wsl-utils/-/wsl-utils-0.3.1.tgz. Extracting by manifest.
500 silly tarball no local data for wrappy@https://registry.npmjs.org/wrappy/-/wrappy-1.0.2.tgz. Extracting by manifest.
501 silly tarball no local data for vary@https://registry.npmjs.org/vary/-/vary-1.1.2.tgz. Extracting by manifest.
502 http cache commander@https://registry.npmjs.org/commander/-/commander-11.1.0.tgz 0ms (cache hit)
503 silly tarball no local data for which@https://registry.npmjs.org/which/-/which-4.0.0.tgz. Extracting by manifest.
504 silly tarball no local data for validate-npm-package-name@https://registry.npmjs.org/validate-npm-package-name/-/validate-npm-package-name-7.0.2.tgz. Extracting by manifest.
505 silly tarball no local data for use-sync-external-store@https://registry.npmjs.org/use-sync-external-store/-/use-sync-external-store-1.6.0.tgz. Extracting by manifest.
506 silly tarball no local data for update-browserslist-db@https://registry.npmjs.org/update-browserslist-db/-/update-browserslist-db-1.2.3.tgz. Extracting by manifest.
507 silly tarball no local data for unpipe@https://registry.npmjs.org/unpipe/-/unpipe-1.0.0.tgz. Extracting by manifest.
508 silly tarball no local data for unicorn-magic@https://registry.npmjs.org/unicorn-magic/-/unicorn-magic-0.3.0.tgz. Extracting by manifest.
509 silly tarball no local data for universalify@https://registry.npmjs.org/universalify/-/universalify-2.0.1.tgz. Extracting by manifest.
510 silly tarball no local data for undici-types@https://registry.npmjs.org/undici-types/-/undici-types-7.18.2.tgz. Extracting by manifest.
511 silly tarball no local data for undici@https://registry.npmjs.org/undici/-/undici-7.28.0.tgz. Extracting by manifest.
512 silly tarball no local data for typescript@https://registry.npmjs.org/typescript/-/typescript-5.7.3.tgz. Extracting by manifest.
513 silly tarball no local data for type-is@https://registry.npmjs.org/type-is/-/type-is-2.1.0.tgz. Extracting by manifest.
514 silly tarball no local data for tslib@https://registry.npmjs.org/tslib/-/tslib-2.8.1.tgz. Extracting by manifest.
515 silly tarball no local data for tsconfig-paths@https://registry.npmjs.org/tsconfig-paths/-/tsconfig-paths-4.2.0.tgz. Extracting by manifest.
516 silly tarball no local data for tw-animate-css@https://registry.npmjs.org/tw-animate-css/-/tw-animate-css-1.4.0.tgz. Extracting by manifest.
517 silly tarball no local data for ts-morph@https://registry.npmjs.org/ts-morph/-/ts-morph-26.0.0.tgz. Extracting by manifest.
518 silly tarball no local data for toidentifier@https://registry.npmjs.org/toidentifier/-/toidentifier-1.0.1.tgz. Extracting by manifest.
519 silly tarball no local data for to-regex-range@https://registry.npmjs.org/to-regex-range/-/to-regex-range-5.0.1.tgz. Extracting by manifest.
520 silly tarball no local data for tiny-invariant@https://registry.npmjs.org/tiny-invariant/-/tiny-invariant-1.3.3.tgz. Extracting by manifest.
521 silly tarball no local data for tapable@https://registry.npmjs.org/tapable/-/tapable-2.3.3.tgz. Extracting by manifest.
522 silly tarball no local data for tailwind-merge@https://registry.npmjs.org/tailwind-merge/-/tailwind-merge-3.6.0.tgz. Extracting by manifest.
523 silly tarball no local data for tailwindcss@https://registry.npmjs.org/tailwindcss/-/tailwindcss-4.3.2.tgz. Extracting by manifest.
524 silly tarball no local data for systeminformation@https://registry.npmjs.org/systeminformation/-/systeminformation-5.31.17.tgz. Extracting by manifest.
525 silly tarball no local data for styled-jsx@https://registry.npmjs.org/styled-jsx/-/styled-jsx-5.1.6.tgz. Extracting by manifest.
526 silly tarball no local data for strip-final-newline@https://registry.npmjs.org/strip-final-newline/-/strip-final-newline-4.0.0.tgz. Extracting by manifest.
527 silly tarball no local data for strip-bom@https://registry.npmjs.org/strip-bom/-/strip-bom-3.0.0.tgz. Extracting by manifest.
528 silly tarball no local data for strip-ansi@https://registry.npmjs.org/strip-ansi/-/strip-ansi-6.0.1.tgz. Extracting by manifest.
529 silly tarball no local data for stringify-object@https://registry.npmjs.org/stringify-object/-/stringify-object-5.0.0.tgz. Extracting by manifest.
530 silly tarball no local data for string-width@https://registry.npmjs.org/string-width/-/string-width-7.2.0.tgz. Extracting by manifest.
531 silly tarball no local data for stdin-discarder@https://registry.npmjs.org/stdin-discarder/-/stdin-discarder-0.2.2.tgz. Extracting by manifest.
532 silly tarball no local data for source-map-js@https://registry.npmjs.org/source-map-js/-/source-map-js-1.2.1.tgz. Extracting by manifest.
533 http cache is-stream@https://registry.npmjs.org/is-stream/-/is-stream-2.0.1.tgz 0ms (cache hit)
534 silly tarball no local data for source-map@https://registry.npmjs.org/source-map/-/source-map-0.6.1.tgz. Extracting by manifest.
535 silly tarball no local data for sonner@https://registry.npmjs.org/sonner/-/sonner-2.0.7.tgz. Extracting by manifest.
536 silly tarball no local data for sisteransi@https://registry.npmjs.org/sisteransi/-/sisteransi-1.0.5.tgz. Extracting by manifest.
537 silly tarball no local data for signal-exit@https://registry.npmjs.org/signal-exit/-/signal-exit-4.1.0.tgz. Extracting by manifest.
538 silly tarball no local data for side-channel-weakmap@https://registry.npmjs.org/side-channel-weakmap/-/side-channel-weakmap-1.0.2.tgz. Extracting by manifest.
539 silly tarball no local data for yocto-spinner@https://registry.npmjs.org/yocto-spinner/-/yocto-spinner-1.2.1.tgz. Extracting by manifest.
540 silly tarball no local data for util-deprecate@https://registry.npmjs.org/util-deprecate/-/util-deprecate-1.0.2.tgz. Extracting by manifest.
541 silly tarball no local data for side-channel@https://registry.npmjs.org/side-channel/-/side-channel-1.1.1.tgz. Extracting by manifest.
542 silly tarball no local data for shebang-regex@https://registry.npmjs.org/shebang-regex/-/shebang-regex-3.0.0.tgz. Extracting by manifest.
543 silly tarball no local data for sharp@https://registry.npmjs.org/sharp/-/sharp-0.34.5.tgz. Extracting by manifest.
544 silly tarball no local data for side-channel-list@https://registry.npmjs.org/side-channel-list/-/side-channel-list-1.0.1.tgz. Extracting by manifest.
545 silly tarball no local data for shadcn@https://registry.npmjs.org/shadcn/-/shadcn-4.13.0.tgz. Extracting by manifest.
546 silly tarball no local data for setprototypeof@https://registry.npmjs.org/setprototypeof/-/setprototypeof-1.2.0.tgz. Extracting by manifest.
547 silly tarball no local data for serve-static@https://registry.npmjs.org/serve-static/-/serve-static-2.2.1.tgz. Extracting by manifest.
548 silly tarball no local data for send@https://registry.npmjs.org/send/-/send-1.2.1.tgz. Extracting by manifest.
549 silly tarball no local data for semver@https://registry.npmjs.org/semver/-/semver-6.3.1.tgz. Extracting by manifest.
550 silly tarball no local data for safer-buffer@https://registry.npmjs.org/safer-buffer/-/safer-buffer-2.1.2.tgz. Extracting by manifest.
551 silly tarball no local data for run-parallel@https://registry.npmjs.org/run-parallel/-/run-parallel-1.2.0.tgz. Extracting by manifest.
552 silly tarball no local data for scheduler@https://registry.npmjs.org/scheduler/-/scheduler-0.27.0.tgz. Extracting by manifest.
553 silly tarball no local data for run-applescript@https://registry.npmjs.org/run-applescript/-/run-applescript-7.1.0.tgz. Extracting by manifest.
554 silly tarball no local data for router@https://registry.npmjs.org/router/-/router-2.2.0.tgz. Extracting by manifest.
555 silly tarball no local data for reusify@https://registry.npmjs.org/reusify/-/reusify-1.1.0.tgz. Extracting by manifest.
556 silly tarball no local data for restore-cursor@https://registry.npmjs.org/restore-cursor/-/restore-cursor-5.1.0.tgz. Extracting by manifest.
557 silly tarball no local data for reselect@https://registry.npmjs.org/reselect/-/reselect-5.2.0.tgz. Extracting by manifest.
558 silly tarball no local data for recast@https://registry.npmjs.org/recast/-/recast-0.23.12.tgz. Extracting by manifest.
559 silly tarball no local data for statuses@https://registry.npmjs.org/statuses/-/statuses-2.0.2.tgz. Extracting by manifest.
560 silly tarball no local data for require-from-string@https://registry.npmjs.org/require-from-string/-/require-from-string-2.0.2.tgz. Extracting by manifest.
561 silly tarball no local data for react-dom@https://registry.npmjs.org/react-dom/-/react-dom-19.2.7.tgz. Extracting by manifest.
562 silly tarball no local data for react-day-picker@https://registry.npmjs.org/react-day-picker/-/react-day-picker-10.0.1.tgz. Extracting by manifest.
563 silly tarball no local data for react@https://registry.npmjs.org/react/-/react-19.2.7.tgz. Extracting by manifest.
564 silly tarball no local data for raw-body@https://registry.npmjs.org/raw-body/-/raw-body-3.0.2.tgz. Extracting by manifest.
565 silly tarball no local data for range-parser@https://registry.npmjs.org/range-parser/-/range-parser-1.3.0.tgz. Extracting by manifest.
566 silly tarball no local data for queue-microtask@https://registry.npmjs.org/queue-microtask/-/queue-microtask-1.2.3.tgz. Extracting by manifest.
567 silly tarball no local data for proxy-addr@https://registry.npmjs.org/proxy-addr/-/proxy-addr-2.0.7.tgz. Extracting by manifest.
568 silly tarball no local data for prompts@https://registry.npmjs.org/prompts/-/prompts-2.4.2.tgz. Extracting by manifest.
569 silly tarball no local data for qs@https://registry.npmjs.org/qs/-/qs-6.15.3.tgz. Extracting by manifest.
570 silly tarball no local data for shebang-command@https://registry.npmjs.org/shebang-command/-/shebang-command-2.0.0.tgz. Extracting by manifest.
571 silly tarball no local data for side-channel-map@https://registry.npmjs.org/side-channel-map/-/side-channel-map-1.0.1.tgz. Extracting by manifest.
572 silly tarball no local data for powershell-utils@https://registry.npmjs.org/powershell-utils/-/powershell-utils-0.1.0.tgz. Extracting by manifest.
573 silly tarball no local data for postcss-selector-parser@https://registry.npmjs.org/postcss-selector-parser/-/postcss-selector-parser-7.1.4.tgz. Extracting by manifest.
574 silly tarball no local data for pkg-up@https://registry.npmjs.org/pkg-up/-/pkg-up-3.1.0.tgz. Extracting by manifest.
575 silly tarball no local data for picocolors@https://registry.npmjs.org/picocolors/-/picocolors-1.1.1.tgz. Extracting by manifest.
576 silly tarball no local data for pkce-challenge@https://registry.npmjs.org/pkce-challenge/-/pkce-challenge-5.0.1.tgz. Extracting by manifest.
577 silly tarball no local data for picomatch@https://registry.npmjs.org/picomatch/-/picomatch-4.0.5.tgz. Extracting by manifest.
578 silly tarball no local data for path-to-regexp@https://registry.npmjs.org/path-to-regexp/-/path-to-regexp-8.4.2.tgz. Extracting by manifest.
579 silly tarball no local data for path-exists@https://registry.npmjs.org/path-exists/-/path-exists-3.0.0.tgz. Extracting by manifest.
580 silly tarball no local data for resolve-from@https://registry.npmjs.org/resolve-from/-/resolve-from-4.0.0.tgz. Extracting by manifest.
581 silly tarball no local data for path-browserify@https://registry.npmjs.org/path-browserify/-/path-browserify-1.0.1.tgz. Extracting by manifest.
582 silly tarball no local data for parseurl@https://registry.npmjs.org/parseurl/-/parseurl-1.3.3.tgz. Extracting by manifest.
583 silly tarball no local data for parent-module@https://registry.npmjs.org/parent-module/-/parent-module-1.0.1.tgz. Extracting by manifest.
584 silly tarball no local data for parse-json@https://registry.npmjs.org/parse-json/-/parse-json-5.2.0.tgz. Extracting by manifest.
585 silly tarball no local data for parse-ms@https://registry.npmjs.org/parse-ms/-/parse-ms-4.0.0.tgz. Extracting by manifest.
586 silly tarball no local data for p-locate@https://registry.npmjs.org/p-locate/-/p-locate-3.0.0.tgz. Extracting by manifest.
587 silly tarball no local data for p-try@https://registry.npmjs.org/p-try/-/p-try-2.2.0.tgz. Extracting by manifest.
588 silly tarball no local data for p-limit@https://registry.npmjs.org/p-limit/-/p-limit-2.3.0.tgz. Extracting by manifest.
589 silly tarball no local data for ora@https://registry.npmjs.org/ora/-/ora-8.2.0.tgz. Extracting by manifest.
590 silly tarball no local data for path-key@https://registry.npmjs.org/path-key/-/path-key-3.1.1.tgz. Extracting by manifest.
591 silly tarball no local data for onetime@https://registry.npmjs.org/onetime/-/onetime-5.1.2.tgz. Extracting by manifest.
592 silly tarball no local data for object-treeify@https://registry.npmjs.org/object-treeify/-/object-treeify-1.1.33.tgz. Extracting by manifest.
593 silly tarball no local data for once@https://registry.npmjs.org/once/-/once-1.4.0.tgz. Extracting by manifest.
594 silly tarball no local data for on-finished@https://registry.npmjs.org/on-finished/-/on-finished-2.4.1.tgz. Extracting by manifest.
595 silly tarball no local data for npm-run-path@https://registry.npmjs.org/npm-run-path/-/npm-run-path-6.0.0.tgz. Extracting by manifest.
596 silly tarball no local data for object-inspect@https://registry.npmjs.org/object-inspect/-/object-inspect-1.13.4.tgz. Extracting by manifest.
597 silly tarball no local data for object-assign@https://registry.npmjs.org/object-assign/-/object-assign-4.1.1.tgz. Extracting by manifest.
598 silly tarball no local data for nodemailer@https://registry.npmjs.org/nodemailer/-/nodemailer-9.0.4.tgz. Extracting by manifest.
599 silly tarball no local data for node-releases@https://registry.npmjs.org/node-releases/-/node-releases-2.0.51.tgz. Extracting by manifest.
600 silly tarball no local data for next-themes@https://registry.npmjs.org/next-themes/-/next-themes-0.4.6.tgz. Extracting by manifest.
601 silly tarball no local data for open@https://registry.npmjs.org/open/-/open-11.0.0.tgz. Extracting by manifest.
602 silly tarball no local data for nanoid@https://registry.npmjs.org/nanoid/-/nanoid-3.3.16.tgz. Extracting by manifest.
603 silly tarball no local data for motion-utils@https://registry.npmjs.org/motion-utils/-/motion-utils-12.39.0.tgz. Extracting by manifest.
604 silly tarball no local data for ms@https://registry.npmjs.org/ms/-/ms-2.1.3.tgz. Extracting by manifest.
605 silly tarball no local data for pretty-ms@https://registry.npmjs.org/pretty-ms/-/pretty-ms-9.3.0.tgz. Extracting by manifest.
606 silly tarball no local data for motion@https://registry.npmjs.org/motion/-/motion-12.42.2.tgz. Extracting by manifest.
607 silly tarball no local data for motion-dom@https://registry.npmjs.org/motion-dom/-/motion-dom-12.42.2.tgz. Extracting by manifest.
608 silly tarball no local data for minimatch@https://registry.npmjs.org/minimatch/-/minimatch-10.2.5.tgz. Extracting by manifest.
609 silly tarball no local data for minimist@https://registry.npmjs.org/minimist/-/minimist-1.2.8.tgz. Extracting by manifest.
610 silly tarball no local data for postcss@https://registry.npmjs.org/postcss/-/postcss-8.5.19.tgz. Extracting by manifest.
611 silly tarball no local data for mimic-function@https://registry.npmjs.org/mimic-function/-/mimic-function-5.0.1.tgz. Extracting by manifest.
612 silly tarball no local data for mimic-fn@https://registry.npmjs.org/mimic-fn/-/mimic-fn-3.1.0.tgz. Extracting by manifest.
613 silly tarball no local data for mime-db@https://registry.npmjs.org/mime-db/-/mime-db-1.54.0.tgz. Extracting by manifest.
614 silly tarball no local data for merge-stream@https://registry.npmjs.org/merge-stream/-/merge-stream-2.0.0.tgz. Extracting by manifest.
615 silly tarball no local data for micromatch@https://registry.npmjs.org/micromatch/-/micromatch-4.0.8.tgz. Extracting by manifest.
616 silly tarball no local data for media-typer@https://registry.npmjs.org/media-typer/-/media-typer-1.1.0.tgz. Extracting by manifest.
617 silly tarball no local data for merge-descriptors@https://registry.npmjs.org/merge-descriptors/-/merge-descriptors-2.0.0.tgz. Extracting by manifest.
618 silly tarball no local data for merge2@https://registry.npmjs.org/merge2/-/merge2-1.4.1.tgz. Extracting by manifest.
619 silly tarball no local data for magic-string@https://registry.npmjs.org/magic-string/-/magic-string-0.30.21.tgz. Extracting by manifest.
620 silly tarball no local data for mime-types@https://registry.npmjs.org/mime-types/-/mime-types-3.0.2.tgz. Extracting by manifest.
621 silly tarball no local data for lucide-react@https://registry.npmjs.org/lucide-react/-/lucide-react-1.24.0.tgz. Extracting by manifest.
622 silly tarball no local data for log-symbols@https://registry.npmjs.org/log-symbols/-/log-symbols-6.0.0.tgz. Extracting by manifest.
623 silly tarball no local data for lru-cache@https://registry.npmjs.org/lru-cache/-/lru-cache-5.1.1.tgz. Extracting by manifest.
624 silly tarball no local data for locate-path@https://registry.npmjs.org/locate-path/-/locate-path-3.0.0.tgz. Extracting by manifest.
625 silly tarball no local data for lines-and-columns@https://registry.npmjs.org/lines-and-columns/-/lines-and-columns-1.2.4.tgz. Extracting by manifest.
626 silly tarball no local data for next@https://registry.npmjs.org/next/-/next-16.2.6.tgz. Extracting by manifest.
627 silly tarball no local data for lightningcss-win32-x64-msvc@https://registry.npmjs.org/lightningcss-win32-x64-msvc/-/lightningcss-win32-x64-msvc-1.32.0.tgz. Extracting by manifest.
628 silly tarball no local data for kleur@https://registry.npmjs.org/kleur/-/kleur-4.1.5.tgz. Extracting by manifest.
629 silly tarball no local data for json-schema-typed@https://registry.npmjs.org/json-schema-typed/-/json-schema-typed-8.0.2.tgz. Extracting by manifest.
630 silly tarball no local data for json5@https://registry.npmjs.org/json5/-/json5-2.2.3.tgz. Extracting by manifest.
631 silly tarball no local data for jsonfile@https://registry.npmjs.org/jsonfile/-/jsonfile-6.2.1.tgz. Extracting by manifest.
632 silly tarball no local data for json-schema-traverse@https://registry.npmjs.org/json-schema-traverse/-/json-schema-traverse-1.0.0.tgz. Extracting by manifest.
633 silly tarball no local data for json-parse-even-better-errors@https://registry.npmjs.org/json-parse-even-better-errors/-/json-parse-even-better-errors-2.3.1.tgz. Extracting by manifest.
634 silly tarball no local data for js-tokens@https://registry.npmjs.org/js-tokens/-/js-tokens-4.0.0.tgz. Extracting by manifest.
635 silly tarball no local data for negotiator@https://registry.npmjs.org/negotiator/-/negotiator-1.0.0.tgz. Extracting by manifest.
636 silly tarball no local data for js-yaml@https://registry.npmjs.org/js-yaml/-/js-yaml-4.3.0.tgz. Extracting by manifest.
637 silly tarball no local data for jose@https://registry.npmjs.org/jose/-/jose-6.2.3.tgz. Extracting by manifest.
638 silly tarball no local data for isexe@https://registry.npmjs.org/isexe/-/isexe-3.1.5.tgz. Extracting by manifest.
639 silly tarball no local data for jiti@https://registry.npmjs.org/jiti/-/jiti-2.7.0.tgz. Extracting by manifest.
640 silly tarball no local data for is-wsl@https://registry.npmjs.org/is-wsl/-/is-wsl-3.1.1.tgz. Extracting by manifest.
641 silly tarball no local data for is-promise@https://registry.npmjs.org/is-promise/-/is-promise-4.0.0.tgz. Extracting by manifest.
642 silly tarball no local data for is-regexp@https://registry.npmjs.org/is-regexp/-/is-regexp-3.1.0.tgz. Extracting by manifest.
643 silly tarball no local data for is-plain-obj@https://registry.npmjs.org/is-plain-obj/-/is-plain-obj-4.1.0.tgz. Extracting by manifest.
644 silly tarball no local data for is-unicode-supported@https://registry.npmjs.org/is-unicode-supported/-/is-unicode-supported-2.1.0.tgz. Extracting by manifest.
645 silly tarball no local data for is-obj@https://registry.npmjs.org/is-obj/-/is-obj-2.0.0.tgz. Extracting by manifest.
646 silly tarball no local data for is-stream@https://registry.npmjs.org/is-stream/-/is-stream-4.0.1.tgz. Extracting by manifest.
647 silly tarball no local data for is-number@https://registry.npmjs.org/is-number/-/is-number-7.0.0.tgz. Extracting by manifest.
648 silly tarball no local data for is-interactive@https://registry.npmjs.org/is-interactive/-/is-interactive-2.0.0.tgz. Extracting by manifest.
649 silly tarball no local data for is-inside-container@https://registry.npmjs.org/is-inside-container/-/is-inside-container-1.0.0.tgz. Extracting by manifest.
650 silly tarball no local data for is-in-ssh@https://registry.npmjs.org/is-in-ssh/-/is-in-ssh-1.0.0.tgz. Extracting by manifest.
651 silly tarball no local data for is-glob@https://registry.npmjs.org/is-glob/-/is-glob-4.0.3.tgz. Extracting by manifest.
652 silly tarball no local data for is-extglob@https://registry.npmjs.org/is-extglob/-/is-extglob-2.1.1.tgz. Extracting by manifest.
653 silly tarball no local data for is-docker@https://registry.npmjs.org/is-docker/-/is-docker-3.0.0.tgz. Extracting by manifest.
654 silly tarball no local data for is-arrayish@https://registry.npmjs.org/is-arrayish/-/is-arrayish-0.2.1.tgz. Extracting by manifest.
655 silly tarball no local data for ipaddr.js@https://registry.npmjs.org/ipaddr.js/-/ipaddr.js-1.9.1.tgz. Extracting by manifest.
656 silly tarball no local data for ip-address@https://registry.npmjs.org/ip-address/-/ip-address-10.2.0.tgz. Extracting by manifest.
657 silly tarball no local data for jsesc@https://registry.npmjs.org/jsesc/-/jsesc-3.1.0.tgz. Extracting by manifest.
658 silly tarball no local data for iconv-lite@https://registry.npmjs.org/iconv-lite/-/iconv-lite-0.7.3.tgz. Extracting by manifest.
659 silly tarball no local data for human-signals@https://registry.npmjs.org/human-signals/-/human-signals-8.0.1.tgz. Extracting by manifest.
660 silly tarball no local data for ignore@https://registry.npmjs.org/ignore/-/ignore-5.3.2.tgz. Extracting by manifest.
661 silly tarball no local data for iceberg-js@https://registry.npmjs.org/iceberg-js/-/iceberg-js-0.8.1.tgz. Extracting by manifest.
662 silly tarball no local data for inherits@https://registry.npmjs.org/inherits/-/inherits-2.0.4.tgz. Extracting by manifest.
663 silly tarball no local data for http-errors@https://registry.npmjs.org/http-errors/-/http-errors-2.0.1.tgz. Extracting by manifest.
664 silly tarball no local data for hono@https://registry.npmjs.org/hono/-/hono-4.12.30.tgz. Extracting by manifest.
665 silly tarball no local data for lightningcss@https://registry.npmjs.org/lightningcss/-/lightningcss-1.32.0.tgz. Extracting by manifest.
666 silly tarball no local data for has-symbols@https://registry.npmjs.org/has-symbols/-/has-symbols-1.1.0.tgz. Extracting by manifest.
667 silly tarball no local data for gopd@https://registry.npmjs.org/gopd/-/gopd-1.2.0.tgz. Extracting by manifest.
668 silly tarball no local data for glob-parent@https://registry.npmjs.org/glob-parent/-/glob-parent-5.1.2.tgz. Extracting by manifest.
669 silly tarball no local data for math-intrinsics@https://registry.npmjs.org/math-intrinsics/-/math-intrinsics-1.1.0.tgz. Extracting by manifest.
670 silly tarball no local data for graceful-fs@https://registry.npmjs.org/graceful-fs/-/graceful-fs-4.2.11.tgz. Extracting by manifest.
671 silly tarball no local data for get-stream@https://registry.npmjs.org/get-stream/-/get-stream-9.0.1.tgz. Extracting by manifest.
672 silly tarball no local data for get-proto@https://registry.npmjs.org/get-proto/-/get-proto-1.0.1.tgz. Extracting by manifest.
673 silly tarball no local data for get-own-enumerable-keys@https://registry.npmjs.org/get-own-enumerable-keys/-/get-own-enumerable-keys-1.0.0.tgz. Extracting by manifest.
674 silly tarball no local data for get-east-asian-width@https://registry.npmjs.org/get-east-asian-width/-/get-east-asian-width-1.6.0.tgz. Extracting by manifest.
675 silly tarball no local data for gensync@https://registry.npmjs.org/gensync/-/gensync-1.0.0-beta.2.tgz. Extracting by manifest.
676 silly tarball no local data for fuzzysort@https://registry.npmjs.org/fuzzysort/-/fuzzysort-3.1.0.tgz. Extracting by manifest.
677 silly tarball no local data for import-fresh@https://registry.npmjs.org/import-fresh/-/import-fresh-3.3.1.tgz. Extracting by manifest.
678 silly tarball no local data for fs-extra@https://registry.npmjs.org/fs-extra/-/fs-extra-11.3.6.tgz. Extracting by manifest.
679 silly tarball no local data for fresh@https://registry.npmjs.org/fresh/-/fresh-2.0.0.tgz. Extracting by manifest.
680 silly tarball no local data for framer-motion@https://registry.npmjs.org/framer-motion/-/framer-motion-12.42.2.tgz. Extracting by manifest.
681 silly tarball no local data for finalhandler@https://registry.npmjs.org/finalhandler/-/finalhandler-2.1.1.tgz. Extracting by manifest.
682 silly tarball no local data for hasown@https://registry.npmjs.org/hasown/-/hasown-2.0.4.tgz. Extracting by manifest.
683 silly tarball no local data for fdir@https://registry.npmjs.org/fdir/-/fdir-6.5.0.tgz. Extracting by manifest.
684 silly tarball no local data for find-up@https://registry.npmjs.org/find-up/-/find-up-3.0.0.tgz. Extracting by manifest.
685 silly tarball no local data for forwarded@https://registry.npmjs.org/forwarded/-/forwarded-0.2.0.tgz. Extracting by manifest.
686 silly tarball no local data for get-intrinsic@https://registry.npmjs.org/get-intrinsic/-/get-intrinsic-1.3.0.tgz. Extracting by manifest.
687 silly tarball no local data for fastq@https://registry.npmjs.org/fastq/-/fastq-1.20.1.tgz. Extracting by manifest.
688 silly tarball no local data for fast-uri@https://registry.npmjs.org/fast-uri/-/fast-uri-3.1.3.tgz. Extracting by manifest.
689 silly tarball no local data for fast-glob@https://registry.npmjs.org/fast-glob/-/fast-glob-3.3.3.tgz. Extracting by manifest.
690 silly tarball no local data for function-bind@https://registry.npmjs.org/function-bind/-/function-bind-1.1.2.tgz. Extracting by manifest.
691 silly tarball no local data for express-rate-limit@https://registry.npmjs.org/express-rate-limit/-/express-rate-limit-8.5.2.tgz. Extracting by manifest.
692 silly tarball no local data for express@https://registry.npmjs.org/express/-/express-5.2.1.tgz. Extracting by manifest.
693 silly tarball no local data for eventsource-parser@https://registry.npmjs.org/eventsource-parser/-/eventsource-parser-3.1.0.tgz. Extracting by manifest.
694 silly tarball no local data for fast-deep-equal@https://registry.npmjs.org/fast-deep-equal/-/fast-deep-equal-3.1.3.tgz. Extracting by manifest.
695 silly tarball no local data for eventsource@https://registry.npmjs.org/eventsource/-/eventsource-3.0.7.tgz. Extracting by manifest.
696 silly tarball no local data for etag@https://registry.npmjs.org/etag/-/etag-1.8.1.tgz. Extracting by manifest.
697 silly tarball no local data for esprima@https://registry.npmjs.org/esprima/-/esprima-4.0.1.tgz. Extracting by manifest.
698 silly tarball no local data for escalade@https://registry.npmjs.org/escalade/-/escalade-3.2.0.tgz. Extracting by manifest.
699 silly tarball no local data for escape-html@https://registry.npmjs.org/escape-html/-/escape-html-1.0.3.tgz. Extracting by manifest.
700 silly tarball no local data for es-object-atoms@https://registry.npmjs.org/es-object-atoms/-/es-object-atoms-1.1.2.tgz. Extracting by manifest.
701 silly tarball no local data for es-errors@https://registry.npmjs.org/es-errors/-/es-errors-1.3.0.tgz. Extracting by manifest.
702 silly tarball no local data for es-define-property@https://registry.npmjs.org/es-define-property/-/es-define-property-1.0.1.tgz. Extracting by manifest.
703 silly tarball no local data for env-paths@https://registry.npmjs.org/env-paths/-/env-paths-2.2.1.tgz. Extracting by manifest.
704 silly tarball no local data for error-ex@https://registry.npmjs.org/error-ex/-/error-ex-1.3.4.tgz. Extracting by manifest.
705 silly tarball no local data for enquirer@https://registry.npmjs.org/enquirer/-/enquirer-2.4.1.tgz. Extracting by manifest.
706 silly tarball no local data for enhanced-resolve@https://registry.npmjs.org/enhanced-resolve/-/enhanced-resolve-5.21.6.tgz. Extracting by manifest.
707 silly tarball no local data for emoji-regex@https://registry.npmjs.org/emoji-regex/-/emoji-regex-10.6.0.tgz. Extracting by manifest.
708 silly tarball no local data for electron-to-chromium@https://registry.npmjs.org/electron-to-chromium/-/electron-to-chromium-1.5.392.tgz. Extracting by manifest.
709 silly tarball no local data for fill-range@https://registry.npmjs.org/fill-range/-/fill-range-7.1.1.tgz. Extracting by manifest.
710 silly tarball no local data for encodeurl@https://registry.npmjs.org/encodeurl/-/encodeurl-2.0.0.tgz. Extracting by manifest.
711 silly tarball no local data for dunder-proto@https://registry.npmjs.org/dunder-proto/-/dunder-proto-1.0.1.tgz. Extracting by manifest.
712 silly tarball no local data for dotenv@https://registry.npmjs.org/dotenv/-/dotenv-17.4.2.tgz. Extracting by manifest.
713 silly tarball no local data for figures@https://registry.npmjs.org/figures/-/figures-6.1.0.tgz. Extracting by manifest.
714 silly tarball no local data for diff@https://registry.npmjs.org/diff/-/diff-8.0.4.tgz. Extracting by manifest.
715 silly tarball no local data for depd@https://registry.npmjs.org/depd/-/depd-2.0.0.tgz. Extracting by manifest.
716 silly tarball no local data for detect-libc@https://registry.npmjs.org/detect-libc/-/detect-libc-2.1.2.tgz. Extracting by manifest.
717 silly tarball no local data for define-lazy-prop@https://registry.npmjs.org/define-lazy-prop/-/define-lazy-prop-3.0.0.tgz. Extracting by manifest.
718 silly tarball no local data for default-browser-id@https://registry.npmjs.org/default-browser-id/-/default-browser-id-5.0.1.tgz. Extracting by manifest.
719 silly tarball no local data for deepmerge@https://registry.npmjs.org/deepmerge/-/deepmerge-4.3.1.tgz. Extracting by manifest.
720 silly tarball no local data for default-browser@https://registry.npmjs.org/default-browser/-/default-browser-5.5.0.tgz. Extracting by manifest.
721 silly tarball no local data for dedent@https://registry.npmjs.org/dedent/-/dedent-1.7.2.tgz. Extracting by manifest.
722 silly tarball no local data for debug@https://registry.npmjs.org/debug/-/debug-4.4.3.tgz. Extracting by manifest.
723 silly tarball no local data for dot-prop@https://registry.npmjs.org/dot-prop/-/dot-prop-6.0.1.tgz. Extracting by manifest.
724 silly tarball no local data for date-fns@https://registry.npmjs.org/date-fns/-/date-fns-4.4.0.tgz. Extracting by manifest.
725 silly tarball no local data for csstype@https://registry.npmjs.org/csstype/-/csstype-3.2.3.tgz. Extracting by manifest.
726 silly tarball no local data for cssesc@https://registry.npmjs.org/cssesc/-/cssesc-3.0.0.tgz. Extracting by manifest.
727 silly tarball no local data for cross-spawn@https://registry.npmjs.org/cross-spawn/-/cross-spawn-7.0.6.tgz. Extracting by manifest.
728 silly tarball no local data for cors@https://registry.npmjs.org/cors/-/cors-2.8.6.tgz. Extracting by manifest.
729 silly tarball no local data for cosmiconfig@https://registry.npmjs.org/cosmiconfig/-/cosmiconfig-9.0.2.tgz. Extracting by manifest.
730 silly tarball no local data for cookie-signature@https://registry.npmjs.org/cookie-signature/-/cookie-signature-1.2.2.tgz. Extracting by manifest.
731 silly tarball no local data for cookie@https://registry.npmjs.org/cookie/-/cookie-1.1.1.tgz. Extracting by manifest.
732 silly tarball no local data for debounce-fn@https://registry.npmjs.org/debounce-fn/-/debounce-fn-4.0.0.tgz. Extracting by manifest.
733 silly tarball no local data for content-type@https://registry.npmjs.org/content-type/-/content-type-1.0.5.tgz. Extracting by manifest.
734 silly tarball no local data for conf@https://registry.npmjs.org/conf/-/conf-10.2.0.tgz. Extracting by manifest.
735 silly tarball no local data for commander@https://registry.npmjs.org/commander/-/commander-14.0.3.tgz. Extracting by manifest.
736 silly tarball no local data for code-block-writer@https://registry.npmjs.org/code-block-writer/-/code-block-writer-13.0.3.tgz. Extracting by manifest.
737 silly tarball no local data for client-only@https://registry.npmjs.org/client-only/-/client-only-0.0.1.tgz. Extracting by manifest.
738 silly tarball no local data for content-disposition@https://registry.npmjs.org/content-disposition/-/content-disposition-1.1.0.tgz. Extracting by manifest.
739 silly tarball no local data for cli-cursor@https://registry.npmjs.org/cli-cursor/-/cli-cursor-5.0.0.tgz. Extracting by manifest.
740 silly tarball no local data for class-variance-authority@https://registry.npmjs.org/class-variance-authority/-/class-variance-authority-0.7.1.tgz. Extracting by manifest.
741 silly tarball no local data for clsx@https://registry.npmjs.org/clsx/-/clsx-2.1.1.tgz. Extracting by manifest.
742 silly tarball no local data for cli-spinners@https://registry.npmjs.org/cli-spinners/-/cli-spinners-2.9.2.tgz. Extracting by manifest.
743 silly tarball no local data for chalk@https://registry.npmjs.org/chalk/-/chalk-5.6.2.tgz. Extracting by manifest.
744 silly tarball no local data for call-bind-apply-helpers@https://registry.npmjs.org/call-bind-apply-helpers/-/call-bind-apply-helpers-1.0.2.tgz. Extracting by manifest.
745 silly tarball no local data for bytes@https://registry.npmjs.org/bytes/-/bytes-3.1.2.tgz. Extracting by manifest.
746 silly tarball no local data for call-bound@https://registry.npmjs.org/call-bound/-/call-bound-1.0.4.tgz. Extracting by manifest.
747 silly tarball no local data for callsites@https://registry.npmjs.org/callsites/-/callsites-3.1.0.tgz. Extracting by manifest.
748 silly tarball no local data for caniuse-lite@https://registry.npmjs.org/caniuse-lite/-/caniuse-lite-1.0.30001805.tgz. Extracting by manifest.
749 silly tarball no local data for braces@https://registry.npmjs.org/braces/-/braces-3.0.3.tgz. Extracting by manifest.
750 silly tarball no local data for browserslist@https://registry.npmjs.org/browserslist/-/browserslist-4.28.6.tgz. Extracting by manifest.
751 silly tarball no local data for baseline-browser-mapping@https://registry.npmjs.org/baseline-browser-mapping/-/baseline-browser-mapping-2.10.43.tgz. Extracting by manifest.
752 silly tarball no local data for brace-expansion@https://registry.npmjs.org/brace-expansion/-/brace-expansion-5.0.7.tgz. Extracting by manifest.
753 silly tarball no local data for balanced-match@https://registry.npmjs.org/balanced-match/-/balanced-match-4.0.4.tgz. Extracting by manifest.
754 silly tarball no local data for atomically@https://registry.npmjs.org/atomically/-/atomically-1.7.0.tgz. Extracting by manifest.
755 silly tarball no local data for ast-types@https://registry.npmjs.org/ast-types/-/ast-types-0.16.1.tgz. Extracting by manifest.
756 silly tarball no local data for argparse@https://registry.npmjs.org/argparse/-/argparse-2.0.1.tgz. Extracting by manifest.
757 silly tarball no local data for ansi-regex@https://registry.npmjs.org/ansi-regex/-/ansi-regex-5.0.1.tgz. Extracting by manifest.
758 silly tarball no local data for bundle-name@https://registry.npmjs.org/bundle-name/-/bundle-name-4.1.0.tgz. Extracting by manifest.
759 silly tarball no local data for ajv-formats@https://registry.npmjs.org/ajv-formats/-/ajv-formats-3.0.1.tgz. Extracting by manifest.
760 silly tarball no local data for ansi-colors@https://registry.npmjs.org/ansi-colors/-/ansi-colors-4.1.3.tgz. Extracting by manifest.
761 silly tarball no local data for ajv@https://registry.npmjs.org/ajv/-/ajv-8.20.0.tgz. Extracting by manifest.
762 silly tarball no local data for @types/validate-npm-package-name@https://registry.npmjs.org/@types/validate-npm-package-name/-/validate-npm-package-name-4.0.2.tgz. Extracting by manifest.
763 silly tarball no local data for @vercel/analytics@https://registry.npmjs.org/@vercel/analytics/-/analytics-1.6.1.tgz. Extracting by manifest.
764 silly tarball no local data for accepts@https://registry.npmjs.org/accepts/-/accepts-2.0.0.tgz. Extracting by manifest.
765 silly tarball no local data for body-parser@https://registry.npmjs.org/body-parser/-/body-parser-2.3.0.tgz. Extracting by manifest.
766 silly tarball no local data for @types/react-dom@https://registry.npmjs.org/@types/react-dom/-/react-dom-19.2.3.tgz. Extracting by manifest.
767 silly tarball no local data for @types/nodemailer@https://registry.npmjs.org/@types/nodemailer/-/nodemailer-8.0.1.tgz. Extracting by manifest.
768 silly tarball no local data for @types/node@https://registry.npmjs.org/@types/node/-/node-24.13.3.tgz. Extracting by manifest.
769 silly tarball no local data for @types/react@https://registry.npmjs.org/@types/react/-/react-19.2.17.tgz. Extracting by manifest.
770 silly tarball no local data for @ts-morph/common@https://registry.npmjs.org/@ts-morph/common/-/common-0.27.0.tgz. Extracting by manifest.
771 silly tarball no local data for @tailwindcss/postcss@https://registry.npmjs.org/@tailwindcss/postcss/-/postcss-4.3.2.tgz. Extracting by manifest.
772 silly tarball no local data for @tailwindcss/oxide-win32-x64-msvc@https://registry.npmjs.org/@tailwindcss/oxide-win32-x64-msvc/-/oxide-win32-x64-msvc-4.3.2.tgz. Extracting by manifest.
773 silly tarball no local data for @tailwindcss/oxide@https://registry.npmjs.org/@tailwindcss/oxide/-/oxide-4.3.2.tgz. Extracting by manifest.
774 silly tarball no local data for @tailwindcss/node@https://registry.npmjs.org/@tailwindcss/node/-/node-4.3.2.tgz. Extracting by manifest.
775 silly tarball no local data for @swc/helpers@https://registry.npmjs.org/@swc/helpers/-/helpers-0.5.15.tgz. Extracting by manifest.
776 silly tarball no local data for @supabase/supabase-js@https://registry.npmjs.org/@supabase/supabase-js/-/supabase-js-2.110.6.tgz. Extracting by manifest.
777 silly tarball no local data for @supabase/storage-js@https://registry.npmjs.org/@supabase/storage-js/-/storage-js-2.110.6.tgz. Extracting by manifest.
778 silly tarball no local data for @supabase/ssr@https://registry.npmjs.org/@supabase/ssr/-/ssr-0.12.3.tgz. Extracting by manifest.
779 silly tarball no local data for @supabase/realtime-js@https://registry.npmjs.org/@supabase/realtime-js/-/realtime-js-2.110.6.tgz. Extracting by manifest.
780 silly tarball no local data for @supabase/postgrest-js@https://registry.npmjs.org/@supabase/postgrest-js/-/postgrest-js-2.110.6.tgz. Extracting by manifest.
781 silly tarball no local data for @supabase/phoenix@https://registry.npmjs.org/@supabase/phoenix/-/phoenix-0.4.4.tgz. Extracting by manifest.
782 silly tarball no local data for @supabase/functions-js@https://registry.npmjs.org/@supabase/functions-js/-/functions-js-2.110.6.tgz. Extracting by manifest.
783 silly tarball no local data for @supabase/auth-js@https://registry.npmjs.org/@supabase/auth-js/-/auth-js-2.110.6.tgz. Extracting by manifest.
784 silly tarball no local data for @sindresorhus/merge-streams@https://registry.npmjs.org/@sindresorhus/merge-streams/-/merge-streams-4.0.0.tgz. Extracting by manifest.
785 silly tarball no local data for @sec-ant/readable-stream@https://registry.npmjs.org/@sec-ant/readable-stream/-/readable-stream-0.4.1.tgz. Extracting by manifest.
786 silly tarball no local data for @nodelib/fs.walk@https://registry.npmjs.org/@nodelib/fs.walk/-/fs.walk-1.2.8.tgz. Extracting by manifest.
787 silly tarball no local data for @nodelib/fs.stat@https://registry.npmjs.org/@nodelib/fs.stat/-/fs.stat-2.0.5.tgz. Extracting by manifest.
788 silly tarball no local data for @nodelib/fs.scandir@https://registry.npmjs.org/@nodelib/fs.scandir/-/fs.scandir-2.1.5.tgz. Extracting by manifest.
789 silly tarball no local data for @next/swc-win32-x64-msvc@https://registry.npmjs.org/@next/swc-win32-x64-msvc/-/swc-win32-x64-msvc-16.2.6.tgz. Extracting by manifest.
790 silly tarball no local data for @next/env@https://registry.npmjs.org/@next/env/-/env-16.2.6.tgz. Extracting by manifest.
791 silly tarball no local data for @modelcontextprotocol/sdk@https://registry.npmjs.org/@modelcontextprotocol/sdk/-/sdk-1.29.0.tgz. Extracting by manifest.
792 silly tarball no local data for @jridgewell/trace-mapping@https://registry.npmjs.org/@jridgewell/trace-mapping/-/trace-mapping-0.3.31.tgz. Extracting by manifest.
793 silly tarball no local data for @jridgewell/sourcemap-codec@https://registry.npmjs.org/@jridgewell/sourcemap-codec/-/sourcemap-codec-1.5.5.tgz. Extracting by manifest.
794 silly tarball no local data for @jridgewell/remapping@https://registry.npmjs.org/@jridgewell/remapping/-/remapping-2.3.5.tgz. Extracting by manifest.
795 silly tarball no local data for @jridgewell/resolve-uri@https://registry.npmjs.org/@jridgewell/resolve-uri/-/resolve-uri-3.1.2.tgz. Extracting by manifest.
796 silly tarball no local data for @jridgewell/gen-mapping@https://registry.npmjs.org/@jridgewell/gen-mapping/-/gen-mapping-0.3.13.tgz. Extracting by manifest.
797 silly tarball no local data for @img/sharp-win32-x64@https://registry.npmjs.org/@img/sharp-win32-x64/-/sharp-win32-x64-0.34.5.tgz. Extracting by manifest.
798 silly tarball no local data for @img/colour@https://registry.npmjs.org/@img/colour/-/colour-1.1.0.tgz. Extracting by manifest.
799 silly tarball no local data for execa@https://registry.npmjs.org/execa/-/execa-9.6.1.tgz. Extracting by manifest.
800 silly tarball no local data for @hono/node-server@https://registry.npmjs.org/@hono/node-server/-/node-server-1.19.14.tgz. Extracting by manifest.
801 silly tarball no local data for @floating-ui/utils@https://registry.npmjs.org/@floating-ui/utils/-/utils-0.2.12.tgz. Extracting by manifest.
802 silly tarball no local data for @floating-ui/react-dom@https://registry.npmjs.org/@floating-ui/react-dom/-/react-dom-2.1.9.tgz. Extracting by manifest.
803 silly tarball no local data for @floating-ui/core@https://registry.npmjs.org/@floating-ui/core/-/core-1.8.0.tgz. Extracting by manifest.
804 silly tarball no local data for @emnapi/runtime@https://registry.npmjs.org/@emnapi/runtime/-/runtime-1.11.2.tgz. Extracting by manifest.
805 silly tarball no local data for @floating-ui/dom@https://registry.npmjs.org/@floating-ui/dom/-/dom-1.8.0.tgz. Extracting by manifest.
806 silly tarball no local data for @dotenvx/dotenvx@https://registry.npmjs.org/@dotenvx/dotenvx/-/dotenvx-1.75.1.tgz. Extracting by manifest.
807 silly tarball no local data for @date-fns/tz@https://registry.npmjs.org/@date-fns/tz/-/tz-1.5.0.tgz. Extracting by manifest.
808 silly tarball no local data for @base-ui/utils@https://registry.npmjs.org/@base-ui/utils/-/utils-0.3.1.tgz. Extracting by manifest.
809 silly tarball no local data for @base-ui/react@https://registry.npmjs.org/@base-ui/react/-/react-1.6.0.tgz. Extracting by manifest.
810 silly tarball no local data for @babel/types@https://registry.npmjs.org/@babel/types/-/types-7.29.7.tgz. Extracting by manifest.
811 silly tarball no local data for @babel/traverse@https://registry.npmjs.org/@babel/traverse/-/traverse-7.29.7.tgz. Extracting by manifest.
812 silly tarball no local data for @babel/runtime@https://registry.npmjs.org/@babel/runtime/-/runtime-7.29.7.tgz. Extracting by manifest.
813 silly tarball no local data for @babel/template@https://registry.npmjs.org/@babel/template/-/template-7.29.7.tgz. Extracting by manifest.
814 silly tarball no local data for @babel/preset-typescript@https://registry.npmjs.org/@babel/preset-typescript/-/preset-typescript-7.29.7.tgz. Extracting by manifest.
815 silly tarball no local data for @babel/plugin-transform-typescript@https://registry.npmjs.org/@babel/plugin-transform-typescript/-/plugin-transform-typescript-7.29.7.tgz. Extracting by manifest.
816 silly tarball no local data for @babel/plugin-transform-modules-commonjs@https://registry.npmjs.org/@babel/plugin-transform-modules-commonjs/-/plugin-transform-modules-commonjs-7.29.7.tgz. Extracting by manifest.
817 silly tarball no local data for @babel/plugin-syntax-typescript@https://registry.npmjs.org/@babel/plugin-syntax-typescript/-/plugin-syntax-typescript-7.29.7.tgz. Extracting by manifest.
818 silly tarball no local data for @dotenvx/primitives@https://registry.npmjs.org/@dotenvx/primitives/-/primitives-0.8.0.tgz. Extracting by manifest.
819 silly tarball no local data for @babel/parser@https://registry.npmjs.org/@babel/parser/-/parser-7.29.7.tgz. Extracting by manifest.
820 silly tarball no local data for @babel/helpers@https://registry.npmjs.org/@babel/helpers/-/helpers-7.29.7.tgz. Extracting by manifest.
821 silly tarball no local data for @babel/helper-validator-option@https://registry.npmjs.org/@babel/helper-validator-option/-/helper-validator-option-7.29.7.tgz. Extracting by manifest.
822 silly tarball no local data for @babel/helper-validator-identifier@https://registry.npmjs.org/@babel/helper-validator-identifier/-/helper-validator-identifier-7.29.7.tgz. Extracting by manifest.
823 silly tarball no local data for @babel/helper-string-parser@https://registry.npmjs.org/@babel/helper-string-parser/-/helper-string-parser-7.29.7.tgz. Extracting by manifest.
824 silly tarball no local data for @babel/helper-skip-transparent-expression-wrappers@https://registry.npmjs.org/@babel/helper-skip-transparent-expression-wrappers/-/helper-skip-transparent-expression-wrappers-7.29.7.tgz. Extracting by manifest.
825 silly tarball no local data for @babel/helper-replace-supers@https://registry.npmjs.org/@babel/helper-replace-supers/-/helper-replace-supers-7.29.7.tgz. Extracting by manifest.
826 silly tarball no local data for @babel/helper-plugin-utils@https://registry.npmjs.org/@babel/helper-plugin-utils/-/helper-plugin-utils-7.29.7.tgz. Extracting by manifest.
827 silly tarball no local data for @babel/helper-module-transforms@https://registry.npmjs.org/@babel/helper-module-transforms/-/helper-module-transforms-7.29.7.tgz. Extracting by manifest.
828 silly tarball no local data for ee-first@https://registry.npmjs.org/ee-first/-/ee-first-1.1.1.tgz. Extracting by manifest.
829 silly tarball no local data for @babel/helper-module-imports@https://registry.npmjs.org/@babel/helper-module-imports/-/helper-module-imports-7.29.7.tgz. Extracting by manifest.
830 silly tarball no local data for @babel/helper-member-expression-to-functions@https://registry.npmjs.org/@babel/helper-member-expression-to-functions/-/helper-member-expression-to-functions-7.29.7.tgz. Extracting by manifest.
831 silly tarball no local data for @babel/helper-optimise-call-expression@https://registry.npmjs.org/@babel/helper-optimise-call-expression/-/helper-optimise-call-expression-7.29.7.tgz. Extracting by manifest.
832 silly tarball no local data for @babel/helper-create-class-features-plugin@https://registry.npmjs.org/@babel/helper-create-class-features-plugin/-/helper-create-class-features-plugin-7.29.7.tgz. Extracting by manifest.
833 silly tarball no local data for @babel/helper-globals@https://registry.npmjs.org/@babel/helper-globals/-/helper-globals-7.29.7.tgz. Extracting by manifest.
834 silly tarball no local data for @babel/helper-annotate-as-pure@https://registry.npmjs.org/@babel/helper-annotate-as-pure/-/helper-annotate-as-pure-7.29.7.tgz. Extracting by manifest.
835 silly tarball no local data for @babel/generator@https://registry.npmjs.org/@babel/generator/-/generator-7.29.7.tgz. Extracting by manifest.
836 silly tarball no local data for @babel/core@https://registry.npmjs.org/@babel/core/-/core-7.29.7.tgz. Extracting by manifest.
837 silly tarball no local data for @babel/compat-data@https://registry.npmjs.org/@babel/compat-data/-/compat-data-7.29.7.tgz. Extracting by manifest.
838 silly tarball no local data for @babel/code-frame@https://registry.npmjs.org/@babel/code-frame/-/code-frame-7.29.7.tgz. Extracting by manifest.
839 silly tarball no local data for @alloc/quick-lru@https://registry.npmjs.org/@alloc/quick-lru/-/quick-lru-5.2.0.tgz. Extracting by manifest.
840 silly tarball no local data for content-type@https://registry.npmjs.org/content-type/-/content-type-2.0.0.tgz. Extracting by manifest.
841 silly tarball no local data for is-obj@https://registry.npmjs.org/is-obj/-/is-obj-3.0.0.tgz. Extracting by manifest.
842 silly tarball no local data for strip-ansi@https://registry.npmjs.org/strip-ansi/-/strip-ansi-7.2.0.tgz. Extracting by manifest.
843 silly tarball no local data for ansi-regex@https://registry.npmjs.org/ansi-regex/-/ansi-regex-6.2.2.tgz. Extracting by manifest.
844 silly tarball no local data for semver@https://registry.npmjs.org/semver/-/semver-7.8.5.tgz. Extracting by manifest.
845 silly tarball no local data for zod@https://registry.npmjs.org/zod/-/zod-3.25.76.tgz. Extracting by manifest.
846 silly tarball no local data for kleur@https://registry.npmjs.org/kleur/-/kleur-3.0.3.tgz. Extracting by manifest.
847 silly tarball no local data for strip-ansi@https://registry.npmjs.org/strip-ansi/-/strip-ansi-7.2.0.tgz. Extracting by manifest.
848 silly tarball no local data for @babel/plugin-syntax-jsx@https://registry.npmjs.org/@babel/plugin-syntax-jsx/-/plugin-syntax-jsx-7.29.7.tgz. Extracting by manifest.
849 silly tarball no local data for ansi-regex@https://registry.npmjs.org/ansi-regex/-/ansi-regex-6.2.2.tgz. Extracting by manifest.
850 silly tarball no local data for mimic-fn@https://registry.npmjs.org/mimic-fn/-/mimic-fn-2.1.0.tgz. Extracting by manifest.
851 silly tarball no local data for picomatch@https://registry.npmjs.org/picomatch/-/picomatch-2.3.2.tgz. Extracting by manifest.
852 silly tarball no local data for path-key@https://registry.npmjs.org/path-key/-/path-key-4.0.0.tgz. Extracting by manifest.
853 silly tarball no local data for postcss@https://registry.npmjs.org/postcss/-/postcss-8.4.31.tgz. Extracting by manifest.
854 silly tarball no local data for json-schema-typed@https://registry.npmjs.org/json-schema-typed/-/json-schema-typed-7.0.3.tgz. Extracting by manifest.
855 silly tarball no local data for semver@https://registry.npmjs.org/semver/-/semver-7.8.5.tgz. Extracting by manifest.
856 silly tarball no local data for which@https://registry.npmjs.org/which/-/which-2.0.2.tgz. Extracting by manifest.
857 silly tarball no local data for is-unicode-supported@https://registry.npmjs.org/is-unicode-supported/-/is-unicode-supported-1.3.0.tgz. Extracting by manifest.
858 silly tarball no local data for content-type@https://registry.npmjs.org/content-type/-/content-type-2.0.0.tgz. Extracting by manifest.
859 silly tarball no local data for ajv-formats@https://registry.npmjs.org/ajv-formats/-/ajv-formats-2.1.1.tgz. Extracting by manifest.
860 silly tarball no local data for cookie@https://registry.npmjs.org/cookie/-/cookie-0.7.2.tgz. Extracting by manifest.
861 silly tarball no local data for npm-run-path@https://registry.npmjs.org/npm-run-path/-/npm-run-path-4.0.1.tgz. Extracting by manifest.
862 silly tarball no local data for onetime@https://registry.npmjs.org/onetime/-/onetime-7.0.0.tgz. Extracting by manifest.
863 silly tarball no local data for isexe@https://registry.npmjs.org/isexe/-/isexe-2.0.0.tgz. Extracting by manifest.
864 silly tarball no local data for is-wsl@https://registry.npmjs.org/is-wsl/-/is-wsl-2.2.0.tgz. Extracting by manifest.
865 silly tarball no local data for strip-final-newline@https://registry.npmjs.org/strip-final-newline/-/strip-final-newline-2.0.0.tgz. Extracting by manifest.
866 silly tarball no local data for signal-exit@https://registry.npmjs.org/signal-exit/-/signal-exit-3.0.7.tgz. Extracting by manifest.
867 silly tarball no local data for human-signals@https://registry.npmjs.org/human-signals/-/human-signals-2.1.0.tgz. Extracting by manifest.
868 silly tarball no local data for is-docker@https://registry.npmjs.org/is-docker/-/is-docker-2.2.1.tgz. Extracting by manifest.
869 silly tarball no local data for define-lazy-prop@https://registry.npmjs.org/define-lazy-prop/-/define-lazy-prop-2.0.0.tgz. Extracting by manifest.
870 silly tarball no local data for get-stream@https://registry.npmjs.org/get-stream/-/get-stream-6.0.1.tgz. Extracting by manifest.
871 silly tarball no local data for @babel/helper-compilation-targets@https://registry.npmjs.org/@babel/helper-compilation-targets/-/helper-compilation-targets-7.29.7.tgz. Extracting by manifest.
872 silly tarball no local data for convert-source-map@https://registry.npmjs.org/convert-source-map/-/convert-source-map-2.0.0.tgz. Extracting by manifest.
873 silly tarball no local data for open@https://registry.npmjs.org/open/-/open-8.4.2.tgz. Extracting by manifest.
874 silly tarball no local data for execa@https://registry.npmjs.org/execa/-/execa-5.1.1.tgz. Extracting by manifest.
875 silly tarball no local data for commander@https://registry.npmjs.org/commander/-/commander-11.1.0.tgz. Extracting by manifest.
876 silly tarball no local data for is-stream@https://registry.npmjs.org/is-stream/-/is-stream-2.0.1.tgz. Extracting by manifest.
877 http fetch GET https://registry.npmjs.org/use-sync-external-store/-/use-sync-external-store-1.6.0.tgz attempt 1 failed with ECONNRESET
878 http fetch GET https://registry.npmjs.org/update-browserslist-db/-/update-browserslist-db-1.2.3.tgz attempt 1 failed with ECONNRESET
879 http fetch GET https://registry.npmjs.org/zod/-/zod-4.4.3.tgz attempt 1 failed with ECONNRESET
880 http fetch GET https://registry.npmjs.org/yoctocolors/-/yoctocolors-2.1.2.tgz attempt 1 failed with ECONNRESET
881 http fetch GET https://registry.npmjs.org/yallist/-/yallist-3.1.1.tgz attempt 1 failed with ECONNRESET
882 http fetch GET https://registry.npmjs.org/wsl-utils/-/wsl-utils-0.3.1.tgz attempt 1 failed with ECONNRESET
883 http fetch GET https://registry.npmjs.org/wrappy/-/wrappy-1.0.2.tgz attempt 1 failed with ECONNRESET
884 http fetch GET https://registry.npmjs.org/which/-/which-4.0.0.tgz attempt 1 failed with ECONNRESET
885 http fetch GET https://registry.npmjs.org/vary/-/vary-1.1.2.tgz attempt 1 failed with ECONNRESET
886 http fetch GET https://registry.npmjs.org/validate-npm-package-name/-/validate-npm-package-name-7.0.2.tgz attempt 1 failed with ECONNRESET
887 http fetch GET https://registry.npmjs.org/unpipe/-/unpipe-1.0.0.tgz attempt 1 failed with ECONNRESET
888 http fetch GET https://registry.npmjs.org/unicorn-magic/-/unicorn-magic-0.3.0.tgz attempt 1 failed with ECONNRESET
889 http fetch GET https://registry.npmjs.org/universalify/-/universalify-2.0.1.tgz attempt 1 failed with ECONNRESET
890 http fetch GET https://registry.npmjs.org/update-browserslist-db/-/update-browserslist-db-1.2.3.tgz attempt 2 failed with ECONNRESET
891 http fetch GET https://registry.npmjs.org/yallist/-/yallist-3.1.1.tgz attempt 2 failed with ECONNRESET
892 http fetch GET https://registry.npmjs.org/wsl-utils/-/wsl-utils-0.3.1.tgz attempt 2 failed with ECONNRESET
893 http fetch GET https://registry.npmjs.org/zod/-/zod-4.4.3.tgz attempt 2 failed with ECONNRESET
894 http fetch GET https://registry.npmjs.org/yoctocolors/-/yoctocolors-2.1.2.tgz attempt 2 failed with ECONNRESET
895 http fetch GET https://registry.npmjs.org/which/-/which-4.0.0.tgz attempt 2 failed with ECONNRESET
896 http fetch GET https://registry.npmjs.org/vary/-/vary-1.1.2.tgz attempt 2 failed with ECONNRESET
897 http fetch GET https://registry.npmjs.org/universalify/-/universalify-2.0.1.tgz attempt 2 failed with ECONNABORTED
898 http fetch GET https://registry.npmjs.org/side-channel-weakmap/-/side-channel-weakmap-1.0.2.tgz attempt 1 failed with ECONNRESET
899 http fetch GET https://registry.npmjs.org/wrappy/-/wrappy-1.0.2.tgz attempt 2 failed with ECONNRESET
900 http fetch GET https://registry.npmjs.org/shadcn/-/shadcn-4.13.0.tgz attempt 1 failed with ECONNABORTED
901 http fetch GET https://registry.npmjs.org/scheduler/-/scheduler-0.27.0.tgz attempt 1 failed with ECONNABORTED
902 http fetch GET https://registry.npmjs.org/side-channel-weakmap/-/side-channel-weakmap-1.0.2.tgz attempt 2 failed with ECONNRESET
903 http fetch GET https://registry.npmjs.org/statuses/-/statuses-2.0.2.tgz attempt 1 failed with ECONNRESET
904 http fetch GET https://registry.npmjs.org/shadcn/-/shadcn-4.13.0.tgz attempt 2 failed with ECONNRESET
905 http fetch GET https://registry.npmjs.org/update-browserslist-db/-/update-browserslist-db-1.2.3.tgz attempt 3 failed with ECONNRESET
906 http fetch GET https://registry.npmjs.org/yallist/-/yallist-3.1.1.tgz attempt 3 failed with ECONNRESET
907 http fetch GET https://registry.npmjs.org/zod/-/zod-4.4.3.tgz attempt 3 failed with ECONNRESET
908 http fetch GET https://registry.npmjs.org/wsl-utils/-/wsl-utils-0.3.1.tgz attempt 3 failed with ECONNRESET
909 http fetch GET https://registry.npmjs.org/yoctocolors/-/yoctocolors-2.1.2.tgz attempt 3 failed with ECONNRESET
910 http fetch GET https://registry.npmjs.org/scheduler/-/scheduler-0.27.0.tgz attempt 2 failed with ECONNRESET
911 http fetch GET https://registry.npmjs.org/which/-/which-4.0.0.tgz attempt 3 failed with ECONNRESET
912 http fetch GET https://registry.npmjs.org/vary/-/vary-1.1.2.tgz attempt 3 failed with ECONNRESET
913 http fetch GET https://registry.npmjs.org/universalify/-/universalify-2.0.1.tgz attempt 3 failed with ECONNRESET
914 http fetch GET https://registry.npmjs.org/wrappy/-/wrappy-1.0.2.tgz attempt 3 failed with ECONNRESET
915 http fetch GET https://registry.npmjs.org/mime-db/-/mime-db-1.54.0.tgz attempt 1 failed with ECONNRESET
916 http fetch GET https://registry.npmjs.org/shadcn/-/shadcn-4.13.0.tgz attempt 3 failed with ECONNRESET
917 http fetch GET https://registry.npmjs.org/scheduler/-/scheduler-0.27.0.tgz attempt 3 failed with ECONNRESET
918 http fetch GET https://registry.npmjs.org/mime-db/-/mime-db-1.54.0.tgz attempt 2 failed with ECONNRESET
919 http fetch GET https://registry.npmjs.org/mime-db/-/mime-db-1.54.0.tgz attempt 3 failed with ECONNRESET
920 http fetch GET 200 https://registry.npmjs.org/strip-final-newline/-/strip-final-newline-4.0.0.tgz 712671ms (cache miss)
921 http fetch GET 200 https://registry.npmjs.org/strip-bom/-/strip-bom-3.0.0.tgz 712892ms (cache miss)
922 http fetch GET 200 https://registry.npmjs.org/stdin-discarder/-/stdin-discarder-0.2.2.tgz 711889ms (cache miss)
923 http fetch GET 200 https://registry.npmjs.org/tiny-invariant/-/tiny-invariant-1.3.3.tgz 751708ms (cache miss)
924 http fetch GET 200 https://registry.npmjs.org/validate-npm-package-name/-/validate-npm-package-name-7.0.2.tgz 754751ms attempt #2 (cache miss)
925 http fetch GET 200 https://registry.npmjs.org/string-width/-/string-width-7.2.0.tgz 748954ms (cache miss)
926 http fetch GET 200 https://registry.npmjs.org/unpipe/-/unpipe-1.0.0.tgz 755497ms attempt #2 (cache miss)
927 http fetch GET 200 https://registry.npmjs.org/yocto-spinner/-/yocto-spinner-1.2.1.tgz 748987ms (cache miss)
928 http fetch GET 200 https://registry.npmjs.org/side-channel/-/side-channel-1.1.1.tgz 748305ms (cache miss)
929 http fetch GET 200 https://registry.npmjs.org/util-deprecate/-/util-deprecate-1.0.2.tgz 749767ms (cache miss)
930 http fetch GET 200 https://registry.npmjs.org/restore-cursor/-/restore-cursor-5.1.0.tgz 748910ms (cache miss)
931 http fetch GET 200 https://registry.npmjs.org/strip-ansi/-/strip-ansi-6.0.1.tgz 792719ms (cache miss)
932 http fetch GET 200 https://registry.npmjs.org/setprototypeof/-/setprototypeof-1.2.0.tgz 789581ms (cache miss)
933 http fetch GET 200 https://registry.npmjs.org/serve-static/-/serve-static-2.2.1.tgz 789532ms (cache miss)
934 http fetch GET 200 https://registry.npmjs.org/shebang-regex/-/shebang-regex-3.0.0.tgz 791622ms (cache miss)
935 http fetch GET 200 https://registry.npmjs.org/send/-/send-1.2.1.tgz 792227ms (cache miss)
936 http fetch GET 200 https://registry.npmjs.org/range-parser/-/range-parser-1.3.0.tgz 787907ms (cache miss)
937 http fetch GET 200 https://registry.npmjs.org/toidentifier/-/toidentifier-1.0.1.tgz 813787ms (cache miss)
938 http fetch GET 200 https://registry.npmjs.org/sisteransi/-/sisteransi-1.0.5.tgz 808621ms (cache miss)
939 http fetch GET 200 https://registry.npmjs.org/run-applescript/-/run-applescript-7.1.0.tgz 805053ms (cache miss)
940 http fetch GET 200 https://registry.npmjs.org/reusify/-/reusify-1.1.0.tgz 804965ms (cache miss)
941 http fetch GET 200 https://registry.npmjs.org/queue-microtask/-/queue-microtask-1.2.3.tgz 801296ms (cache miss)
942 http fetch GET 200 https://registry.npmjs.org/run-parallel/-/run-parallel-1.2.0.tgz 813277ms (cache miss)
943 http fetch GET 200 https://registry.npmjs.org/require-from-string/-/require-from-string-2.0.2.tgz 811319ms (cache miss)
944 http fetch GET 200 https://registry.npmjs.org/raw-body/-/raw-body-3.0.2.tgz 815296ms (cache miss)
945 http fetch GET 200 https://registry.npmjs.org/pkg-up/-/pkg-up-3.1.0.tgz 813040ms (cache miss)
946 http fetch GET 200 https://registry.npmjs.org/powershell-utils/-/powershell-utils-0.1.0.tgz 813778ms (cache miss)
947 http fetch GET 200 https://registry.npmjs.org/picocolors/-/picocolors-1.1.1.tgz 812963ms (cache miss)
948 http fetch GET 200 https://registry.npmjs.org/proxy-addr/-/proxy-addr-2.0.7.tgz 814446ms (cache miss)
949 http fetch GET 200 https://registry.npmjs.org/resolve-from/-/resolve-from-4.0.0.tgz 810997ms (cache miss)
950 http fetch GET 200 https://registry.npmjs.org/shebang-command/-/shebang-command-2.0.0.tgz 814195ms (cache miss)
951 http fetch GET 200 https://registry.npmjs.org/side-channel-map/-/side-channel-map-1.0.1.tgz 814068ms (cache miss)
952 http fetch GET 200 https://registry.npmjs.org/object-treeify/-/object-treeify-1.1.33.tgz 807273ms (cache miss)
953 http fetch GET 200 https://registry.npmjs.org/path-browserify/-/path-browserify-1.0.1.tgz 816379ms (cache miss)
954 http fetch GET 200 https://registry.npmjs.org/parseurl/-/parseurl-1.3.3.tgz 821742ms (cache miss)
955 http fetch GET 200 https://registry.npmjs.org/unicorn-magic/-/unicorn-magic-0.3.0.tgz 844986ms attempt #2 (cache miss)
956 http fetch GET 200 https://registry.npmjs.org/parse-ms/-/parse-ms-4.0.0.tgz 825330ms (cache miss)
957 http fetch GET 200 https://registry.npmjs.org/path-exists/-/path-exists-3.0.0.tgz 826057ms (cache miss)
958 http fetch GET 200 https://registry.npmjs.org/parent-module/-/parent-module-1.0.1.tgz 825561ms (cache miss)
959 http fetch GET 200 https://registry.npmjs.org/p-locate/-/p-locate-3.0.0.tgz 824440ms (cache miss)
960 http fetch GET 200 https://registry.npmjs.org/p-try/-/p-try-2.2.0.tgz 824371ms (cache miss)
961 http fetch GET 200 https://registry.npmjs.org/parse-json/-/parse-json-5.2.0.tgz 825538ms (cache miss)
962 http fetch GET 200 https://registry.npmjs.org/nanoid/-/nanoid-3.3.16.tgz 818691ms (cache miss)
963 http fetch GET 200 https://registry.npmjs.org/node-releases/-/node-releases-2.0.51.tgz 819787ms (cache miss)
964 http fetch GET 200 https://registry.npmjs.org/object-assign/-/object-assign-4.1.1.tgz 820008ms (cache miss)
965 http fetch GET 200 https://registry.npmjs.org/p-limit/-/p-limit-2.3.0.tgz 823870ms (cache miss)
966 http fetch GET 200 https://registry.npmjs.org/to-regex-range/-/to-regex-range-5.0.1.tgz 846869ms (cache miss)
967 http fetch GET 200 https://registry.npmjs.org/ora/-/ora-8.2.0.tgz 826763ms (cache miss)
968 http fetch GET 200 https://registry.npmjs.org/on-finished/-/on-finished-2.4.1.tgz 824440ms (cache miss)
969 http fetch GET 200 https://registry.npmjs.org/onetime/-/onetime-5.1.2.tgz 826204ms (cache miss)
970 http fetch GET 200 https://registry.npmjs.org/path-key/-/path-key-3.1.1.tgz 826707ms (cache miss)
971 http fetch GET 200 https://registry.npmjs.org/pretty-ms/-/pretty-ms-9.3.0.tgz 822200ms (cache miss)
972 http fetch GET 200 https://registry.npmjs.org/once/-/once-1.4.0.tgz 824978ms (cache miss)
973 http fetch GET 200 https://registry.npmjs.org/npm-run-path/-/npm-run-path-6.0.0.tgz 825219ms (cache miss)
974 http fetch GET 200 https://registry.npmjs.org/type-is/-/type-is-2.1.0.tgz 853733ms (cache miss)
975 http fetch GET 200 https://registry.npmjs.org/mimic-function/-/mimic-function-5.0.1.tgz 827413ms (cache miss)
976 http fetch GET 200 https://registry.npmjs.org/merge2/-/merge2-1.4.1.tgz 825380ms (cache miss)
977 http fetch GET 200 https://registry.npmjs.org/media-typer/-/media-typer-1.1.0.tgz 826415ms (cache miss)
978 http fetch GET 200 https://registry.npmjs.org/lines-and-columns/-/lines-and-columns-1.2.4.tgz 827148ms (cache miss)
979 http fetch GET 200 https://registry.npmjs.org/isexe/-/isexe-3.1.5.tgz 825487ms (cache miss)
980 http fetch GET 200 https://registry.npmjs.org/micromatch/-/micromatch-4.0.8.tgz 832996ms (cache miss)
981 http fetch GET 200 https://registry.npmjs.org/merge-stream/-/merge-stream-2.0.0.tgz 833352ms (cache miss)
982 http fetch GET 200 https://registry.npmjs.org/merge-descriptors/-/merge-descriptors-2.0.0.tgz 832107ms (cache miss)
983 http fetch GET 200 https://registry.npmjs.org/mime-types/-/mime-types-3.0.2.tgz 831289ms (cache miss)
984 http fetch GET 200 https://registry.npmjs.org/is-glob/-/is-glob-4.0.3.tgz 825777ms (cache miss)
985 http fetch GET 200 https://registry.npmjs.org/is-arrayish/-/is-arrayish-0.2.1.tgz 826017ms (cache miss)
986 http fetch GET 200 https://registry.npmjs.org/stringify-object/-/stringify-object-5.0.0.tgz 862217ms (cache miss)
987 http fetch GET 200 https://registry.npmjs.org/safer-buffer/-/safer-buffer-2.1.2.tgz 857901ms (cache miss)
988 http fetch GET 200 https://registry.npmjs.org/ms/-/ms-2.1.3.tgz 841778ms (cache miss)
989 http fetch GET 200 https://registry.npmjs.org/lru-cache/-/lru-cache-5.1.1.tgz 837195ms (cache miss)
990 http fetch GET 200 https://registry.npmjs.org/locate-path/-/locate-path-3.0.0.tgz 837137ms (cache miss)
991 http fetch GET 200 https://registry.npmjs.org/is-wsl/-/is-wsl-3.1.1.tgz 834338ms (cache miss)
992 http fetch GET 200 https://registry.npmjs.org/negotiator/-/negotiator-1.0.0.tgz 835404ms (cache miss)
993 http fetch GET 200 https://registry.npmjs.org/json-parse-even-better-errors/-/json-parse-even-better-errors-2.3.1.tgz 835579ms (cache miss)
994 http fetch GET 200 https://registry.npmjs.org/tw-animate-css/-/tw-animate-css-1.4.0.tgz 870909ms (cache miss)
995 http fetch GET 200 https://registry.npmjs.org/is-obj/-/is-obj-2.0.0.tgz 837693ms (cache miss)
996 http fetch GET 200 https://registry.npmjs.org/is-plain-obj/-/is-plain-obj-4.1.0.tgz 837807ms (cache miss)
997 http fetch GET 200 https://registry.npmjs.org/is-extglob/-/is-extglob-2.1.1.tgz 837524ms (cache miss)
998 http fetch GET 200 https://registry.npmjs.org/graceful-fs/-/graceful-fs-4.2.11.tgz 834371ms (cache miss)
999 http fetch GET 200 https://registry.npmjs.org/get-stream/-/get-stream-9.0.1.tgz 834401ms (cache miss)
1000 http fetch GET 200 https://registry.npmjs.org/router/-/router-2.2.0.tgz 866790ms (cache miss)
1001 http fetch GET 200 https://registry.npmjs.org/path-to-regexp/-/path-to-regexp-8.4.2.tgz 859676ms (cache miss)
1002 http fetch GET 200 https://registry.npmjs.org/mimic-fn/-/mimic-fn-3.1.0.tgz 850371ms (cache miss)
1003 http fetch GET 200 https://registry.npmjs.org/jsonfile/-/jsonfile-6.2.1.tgz 845243ms (cache miss)
1004 http fetch GET 200 https://registry.npmjs.org/json-schema-traverse/-/json-schema-traverse-1.0.0.tgz 845082ms (cache miss)
1005 http fetch GET 200 https://registry.npmjs.org/is-promise/-/is-promise-4.0.0.tgz 844026ms (cache miss)
1006 http fetch GET 200 https://registry.npmjs.org/is-unicode-supported/-/is-unicode-supported-2.1.0.tgz 843866ms (cache miss)
1007 http fetch GET 200 https://registry.npmjs.org/is-stream/-/is-stream-4.0.1.tgz 843876ms (cache miss)
1008 http fetch GET 200 https://registry.npmjs.org/ignore/-/ignore-5.3.2.tgz 842547ms (cache miss)
1009 http fetch GET 200 https://registry.npmjs.org/inherits/-/inherits-2.0.4.tgz 842681ms (cache miss)
1010 http fetch GET 200 https://registry.npmjs.org/import-fresh/-/import-fresh-3.3.1.tgz 841480ms (cache miss)
1011 http fetch GET 200 https://registry.npmjs.org/statuses/-/statuses-2.0.2.tgz 873378ms attempt #2 (cache miss)
1012 http fetch GET 200 https://registry.npmjs.org/log-symbols/-/log-symbols-6.0.0.tgz 856310ms (cache miss)
1013 http fetch GET 200 https://registry.npmjs.org/js-tokens/-/js-tokens-4.0.0.tgz 854290ms (cache miss)
1014 http fetch GET 200 https://registry.npmjs.org/is-regexp/-/is-regexp-3.1.0.tgz 853017ms (cache miss)
1015 http fetch GET 200 https://registry.npmjs.org/is-number/-/is-number-7.0.0.tgz 852190ms (cache miss)
1016 http fetch GET 200 https://registry.npmjs.org/is-inside-container/-/is-inside-container-1.0.0.tgz 852139ms (cache miss)
1017 http fetch GET 200 https://registry.npmjs.org/is-in-ssh/-/is-in-ssh-1.0.0.tgz 852100ms (cache miss)
1018 http fetch GET 200 https://registry.npmjs.org/is-interactive/-/is-interactive-2.0.0.tgz 852227ms (cache miss)
1019 http fetch GET 200 https://registry.npmjs.org/is-docker/-/is-docker-3.0.0.tgz 851636ms (cache miss)
1020 http fetch GET 200 https://registry.npmjs.org/math-intrinsics/-/math-intrinsics-1.1.0.tgz 848971ms (cache miss)
1021 http fetch GET 200 https://registry.npmjs.org/forwarded/-/forwarded-0.2.0.tgz 847607ms (cache miss)
1022 http fetch GET 200 https://registry.npmjs.org/open/-/open-11.0.0.tgz 870155ms (cache miss)
1023 http fetch GET 200 https://registry.npmjs.org/human-signals/-/human-signals-8.0.1.tgz 860512ms (cache miss)
1024 http fetch GET 200 https://registry.npmjs.org/jsesc/-/jsesc-3.1.0.tgz 860688ms (cache miss)
1025 http fetch GET 200 https://registry.npmjs.org/http-errors/-/http-errors-2.0.1.tgz 859589ms (cache miss)
1026 http fetch GET 200 https://registry.npmjs.org/fuzzysort/-/fuzzysort-3.1.0.tgz 858360ms (cache miss)
1027 http fetch GET 200 https://registry.npmjs.org/fresh/-/fresh-2.0.0.tgz 858991ms (cache miss)
1028 http fetch GET 200 https://registry.npmjs.org/es-object-atoms/-/es-object-atoms-1.1.2.tgz 856251ms (cache miss)
1029 http fetch GET 200 https://registry.npmjs.org/semver/-/semver-6.3.1.tgz 895825ms (cache miss)
1030 http fetch GET 200 https://registry.npmjs.org/gopd/-/gopd-1.2.0.tgz 868716ms (cache miss)
1031 http fetch GET 200 https://registry.npmjs.org/glob-parent/-/glob-parent-5.1.2.tgz 868033ms (cache miss)
1032 http fetch GET 200 https://registry.npmjs.org/get-proto/-/get-proto-1.0.1.tgz 867935ms (cache miss)
1033 http fetch GET 200 https://registry.npmjs.org/find-up/-/find-up-3.0.0.tgz 866645ms (cache miss)
1034 http fetch GET 200 https://registry.npmjs.org/has-symbols/-/has-symbols-1.1.0.tgz 868912ms (cache miss)
1035 http fetch GET 200 https://registry.npmjs.org/get-intrinsic/-/get-intrinsic-1.3.0.tgz 866649ms (cache miss)
1036 http fetch GET 200 https://registry.npmjs.org/function-bind/-/function-bind-1.1.2.tgz 865616ms (cache miss)
1037 http fetch GET 200 https://registry.npmjs.org/es-errors/-/es-errors-1.3.0.tgz 864664ms (cache miss)
1038 http fetch GET 200 https://registry.npmjs.org/emoji-regex/-/emoji-regex-10.6.0.tgz 864416ms (cache miss)
1039 http fetch GET 200 https://registry.npmjs.org/fill-range/-/fill-range-7.1.1.tgz 864041ms (cache miss)
1040 http fetch GET 200 https://registry.npmjs.org/gensync/-/gensync-1.0.0-beta.2.tgz 873269ms (cache miss)
1041 http fetch GET 200 https://registry.npmjs.org/get-own-enumerable-keys/-/get-own-enumerable-keys-1.0.0.tgz 873419ms (cache miss)
1042 http fetch GET 200 https://registry.npmjs.org/get-east-asian-width/-/get-east-asian-width-1.6.0.tgz 873465ms (cache miss)
1043 http fetch GET 200 https://registry.npmjs.org/finalhandler/-/finalhandler-2.1.1.tgz 872605ms (cache miss)
1044 http fetch GET 200 https://registry.npmjs.org/hasown/-/hasown-2.0.4.tgz 872561ms (cache miss)
1045 http fetch GET 200 https://registry.npmjs.org/etag/-/etag-1.8.1.tgz 871547ms (cache miss)
1046 http fetch GET 200 https://registry.npmjs.org/escape-html/-/escape-html-1.0.3.tgz 871332ms (cache miss)
1047 http fetch GET 200 https://registry.npmjs.org/default-browser-id/-/default-browser-id-5.0.1.tgz 870787ms (cache miss)
1048 http fetch GET 200 https://registry.npmjs.org/define-lazy-prop/-/define-lazy-prop-3.0.0.tgz 870985ms (cache miss)
1049 http fetch GET 200 https://registry.npmjs.org/fdir/-/fdir-6.5.0.tgz 880865ms (cache miss)
1050 http fetch GET 200 https://registry.npmjs.org/error-ex/-/error-ex-1.3.4.tgz 879268ms (cache miss)
1051 http fetch GET 200 https://registry.npmjs.org/es-define-property/-/es-define-property-1.0.1.tgz 879385ms (cache miss)
1052 http fetch GET 200 https://registry.npmjs.org/env-paths/-/env-paths-2.2.1.tgz 879384ms (cache miss)
1053 http fetch GET 200 https://registry.npmjs.org/deepmerge/-/deepmerge-4.3.1.tgz 877427ms (cache miss)
1054 http fetch GET 200 https://registry.npmjs.org/next-themes/-/next-themes-0.4.6.tgz 901970ms (cache miss)
1055 http fetch GET 200 https://registry.npmjs.org/fastq/-/fastq-1.20.1.tgz 888850ms (cache miss)
1056 http fetch GET 200 https://registry.npmjs.org/fast-deep-equal/-/fast-deep-equal-3.1.3.tgz 888544ms (cache miss)
1057 http fetch GET 200 https://registry.npmjs.org/escalade/-/escalade-3.2.0.tgz 887917ms (cache miss)
1058 http fetch GET 200 https://registry.npmjs.org/encodeurl/-/encodeurl-2.0.0.tgz 886894ms (cache miss)
1059 http fetch GET 200 https://registry.npmjs.org/figures/-/figures-6.1.0.tgz 886799ms (cache miss)
1060 http fetch GET 200 https://registry.npmjs.org/depd/-/depd-2.0.0.tgz 886750ms (cache miss)
1061 http fetch GET 200 https://registry.npmjs.org/dunder-proto/-/dunder-proto-1.0.1.tgz 886907ms (cache miss)
1062 http fetch GET 200 https://registry.npmjs.org/detect-libc/-/detect-libc-2.1.2.tgz 886707ms (cache miss)
1063 http fetch GET 200 https://registry.npmjs.org/debounce-fn/-/debounce-fn-4.0.0.tgz 885501ms (cache miss)
1064 http fetch GET 200 https://registry.npmjs.org/sonner/-/sonner-2.0.7.tgz 960582ms (cache miss)
1065 http fetch GET 200 https://registry.npmjs.org/ipaddr.js/-/ipaddr.js-1.9.1.tgz 933203ms (cache miss)
1066 http fetch GET 200 https://registry.npmjs.org/debug/-/debug-4.4.3.tgz 926997ms (cache miss)
1067 http fetch GET 200 https://registry.npmjs.org/dedent/-/dedent-1.7.2.tgz 927059ms (cache miss)
1068 http fetch GET 200 https://registry.npmjs.org/dot-prop/-/dot-prop-6.0.1.tgz 927077ms (cache miss)
1069 http fetch GET 200 https://registry.npmjs.org/content-disposition/-/content-disposition-1.1.0.tgz 945233ms (cache miss)
1070 http fetch GET 200 https://registry.npmjs.org/cross-spawn/-/cross-spawn-7.0.6.tgz 952509ms (cache miss)
1071 http fetch GET 200 https://registry.npmjs.org/bytes/-/bytes-3.1.2.tgz 995492ms (cache miss)
1072 http fetch GET 200 https://registry.npmjs.org/call-bind-apply-helpers/-/call-bind-apply-helpers-1.0.2.tgz 996232ms (cache miss)
1073 http fetch GET 200 https://registry.npmjs.org/default-browser/-/default-browser-5.5.0.tgz 1005539ms (cache miss)
1074 http fetch GET 200 https://registry.npmjs.org/cssesc/-/cssesc-3.0.0.tgz 1005405ms (cache miss)
1075 http fetch GET 200 https://registry.npmjs.org/cors/-/cors-2.8.6.tgz 1025823ms (cache miss)
1076 http fetch GET 200 https://registry.npmjs.org/cli-cursor/-/cli-cursor-5.0.0.tgz 1024532ms (cache miss)
1077 http fetch GET 200 https://registry.npmjs.org/code-block-writer/-/code-block-writer-13.0.3.tgz 1025582ms (cache miss)
1078 http fetch GET 200 https://registry.npmjs.org/conf/-/conf-10.2.0.tgz 1033135ms (cache miss)
1079 http fetch GET 200 https://registry.npmjs.org/content-type/-/content-type-1.0.5.tgz 1033174ms (cache miss)
1080 http fetch GET 200 https://registry.npmjs.org/cookie-signature/-/cookie-signature-1.2.2.tgz 1049261ms (cache miss)
1081 http fetch GET 200 https://registry.npmjs.org/balanced-match/-/balanced-match-4.0.4.tgz 1044317ms (cache miss)
1082 http fetch GET 200 https://registry.npmjs.org/@types/validate-npm-package-name/-/validate-npm-package-name-4.0.2.tgz 1042076ms (cache miss)
1083 http fetch GET 200 https://registry.npmjs.org/client-only/-/client-only-0.0.1.tgz 1089500ms (cache miss)
1084 http fetch GET 200 https://registry.npmjs.org/cli-spinners/-/cli-spinners-2.9.2.tgz 1088668ms (cache miss)
1085 http fetch GET 200 https://registry.npmjs.org/clsx/-/clsx-2.1.1.tgz 1089709ms (cache miss)
1086 http fetch GET 200 https://registry.npmjs.org/class-variance-authority/-/class-variance-authority-0.7.1.tgz 1090018ms (cache miss)
1087 http fetch GET 200 https://registry.npmjs.org/bundle-name/-/bundle-name-4.1.0.tgz 1083955ms (cache miss)
1088 http fetch GET 200 https://registry.npmjs.org/brace-expansion/-/brace-expansion-5.0.7.tgz 1086507ms (cache miss)
1089 http fetch GET 200 https://registry.npmjs.org/ansi-regex/-/ansi-regex-5.0.1.tgz 1087566ms (cache miss)
1090 http fetch GET 200 https://registry.npmjs.org/callsites/-/callsites-3.1.0.tgz 1118341ms (cache miss)
1091 http fetch GET 200 https://registry.npmjs.org/call-bound/-/call-bound-1.0.4.tgz 1120057ms (cache miss)
1092 http fetch GET 200 https://registry.npmjs.org/braces/-/braces-3.0.3.tgz 1118936ms (cache miss)
1093 http fetch GET 200 https://registry.npmjs.org/ansi-colors/-/ansi-colors-4.1.3.tgz 1115199ms (cache miss)
1094 http fetch GET 200 https://registry.npmjs.org/@types/react-dom/-/react-dom-19.2.3.tgz 1114246ms (cache miss)
1095 http fetch GET 200 https://registry.npmjs.org/accepts/-/accepts-2.0.0.tgz 1116324ms (cache miss)
1096 http fetch GET 200 https://registry.npmjs.org/pkce-challenge/-/pkce-challenge-5.0.1.tgz 1161646ms (cache miss)
1097 http fetch GET 200 https://registry.npmjs.org/kleur/-/kleur-4.1.5.tgz 1146780ms (cache miss)
1098 http fetch GET 200 https://registry.npmjs.org/@tailwindcss/oxide/-/oxide-4.3.2.tgz 1121834ms (cache miss)
1099 http fetch GET 200 https://registry.npmjs.org/@sindresorhus/merge-streams/-/merge-streams-4.0.0.tgz 1119189ms (cache miss)
1100 http fetch GET 200 https://registry.npmjs.org/@sec-ant/readable-stream/-/readable-stream-0.4.1.tgz 1118590ms (cache miss)
1101 http fetch GET 200 https://registry.npmjs.org/argparse/-/argparse-2.0.1.tgz 1132129ms (cache miss)
1102 http fetch GET 200 https://registry.npmjs.org/body-parser/-/body-parser-2.3.0.tgz 1128811ms (cache miss)
1103 http fetch GET 200 https://registry.npmjs.org/picomatch/-/picomatch-4.0.5.tgz 1178018ms (cache miss)
1104 http fetch GET 200 https://registry.npmjs.org/@nodelib/fs.walk/-/fs.walk-1.2.8.tgz 1140409ms (cache miss)
1105 http fetch GET 200 https://registry.npmjs.org/@nodelib/fs.stat/-/fs.stat-2.0.5.tgz 1140473ms (cache miss)
1106 http fetch GET 200 https://registry.npmjs.org/cookie/-/cookie-1.1.1.tgz 1172168ms (cache miss)
1107 http fetch GET 200 https://registry.npmjs.org/@jridgewell/resolve-uri/-/resolve-uri-3.1.2.tgz 1153999ms (cache miss)
1108 http fetch GET 200 https://registry.npmjs.org/@next/env/-/env-16.2.6.tgz 1164364ms (cache miss)
1109 http fetch GET 200 https://registry.npmjs.org/@jridgewell/remapping/-/remapping-2.3.5.tgz 1168353ms (cache miss)
1110 http fetch GET 200 https://registry.npmjs.org/@babel/preset-typescript/-/preset-typescript-7.29.7.tgz 1160624ms (cache miss)
1111 http fetch GET 200 https://registry.npmjs.org/@floating-ui/react-dom/-/react-dom-2.1.9.tgz 1165921ms (cache miss)
1112 http fetch GET 200 https://registry.npmjs.org/@babel/helper-skip-transparent-expression-wrappers/-/helper-skip-transparent-expression-wrappers-7.29.7.tgz 1166193ms (cache miss)
1113 http fetch GET 200 https://registry.npmjs.org/tslib/-/tslib-2.8.1.tgz 1241010ms (cache miss)
1114 http fetch GET 200 https://registry.npmjs.org/@floating-ui/utils/-/utils-0.2.12.tgz 1175970ms (cache miss)
1115 http fetch GET 200 https://registry.npmjs.org/@babel/helper-validator-identifier/-/helper-validator-identifier-7.29.7.tgz 1171636ms (cache miss)
1116 http fetch GET 200 https://registry.npmjs.org/ee-first/-/ee-first-1.1.1.tgz 1171009ms (cache miss)
1117 http fetch GET 200 https://registry.npmjs.org/@babel/helper-member-expression-to-functions/-/helper-member-expression-to-functions-7.29.7.tgz 1171043ms (cache miss)
1118 http fetch GET 200 https://registry.npmjs.org/side-channel-list/-/side-channel-list-1.0.1.tgz 1237729ms (cache miss)
1119 http fetch GET 200 https://registry.npmjs.org/@babel/plugin-transform-modules-commonjs/-/plugin-transform-modules-commonjs-7.29.7.tgz 1177922ms (cache miss)
1120 http fetch GET 200 https://registry.npmjs.org/@babel/plugin-syntax-typescript/-/plugin-syntax-typescript-7.29.7.tgz 1177964ms (cache miss)
1121 http fetch GET 200 https://registry.npmjs.org/ansi-regex/-/ansi-regex-6.2.2.tgz 1173024ms (cache miss)
1122 http fetch GET 200 https://registry.npmjs.org/@babel/helper-optimise-call-expression/-/helper-optimise-call-expression-7.29.7.tgz 1175893ms (cache miss)
1123 http fetch GET 200 https://registry.npmjs.org/@babel/helper-validator-option/-/helper-validator-option-7.29.7.tgz 1182457ms (cache miss)
1124 http fetch GET 200 https://registry.npmjs.org/@babel/helper-plugin-utils/-/helper-plugin-utils-7.29.7.tgz 1181649ms (cache miss)
1125 http fetch GET 200 https://registry.npmjs.org/@babel/code-frame/-/code-frame-7.29.7.tgz 1179289ms (cache miss)
1126 http fetch GET 200 https://registry.npmjs.org/@babel/helper-globals/-/helper-globals-7.29.7.tgz 1180531ms (cache miss)
1127 http fetch GET 200 https://registry.npmjs.org/@babel/helper-string-parser/-/helper-string-parser-7.29.7.tgz 1182685ms (cache miss)
1128 http fetch GET 200 https://registry.npmjs.org/@babel/compat-data/-/compat-data-7.29.7.tgz 1180272ms (cache miss)
1129 http fetch GET 200 https://registry.npmjs.org/mimic-fn/-/mimic-fn-2.1.0.tgz 1175702ms (cache miss)
1130 http fetch GET 200 https://registry.npmjs.org/is-obj/-/is-obj-3.0.0.tgz 1182851ms (cache miss)
1131 http fetch GET 200 https://registry.npmjs.org/json-schema-typed/-/json-schema-typed-7.0.3.tgz 1178280ms (cache miss)
1132 http fetch GET 200 https://registry.npmjs.org/@babel/helper-annotate-as-pure/-/helper-annotate-as-pure-7.29.7.tgz 1184309ms (cache miss)
1133 http fetch GET 200 https://registry.npmjs.org/kleur/-/kleur-3.0.3.tgz 1181475ms (cache miss)
1134 http fetch GET 200 https://registry.npmjs.org/path-key/-/path-key-4.0.0.tgz 1179359ms (cache miss)
1135 http fetch GET 200 https://registry.npmjs.org/json-schema-typed/-/json-schema-typed-8.0.2.tgz 1235620ms (cache miss)
1136 http fetch GET 200 https://registry.npmjs.org/content-type/-/content-type-2.0.0.tgz 1194042ms (cache miss)
1137 http fetch GET 200 https://registry.npmjs.org/@alloc/quick-lru/-/quick-lru-5.2.0.tgz 1194598ms (cache miss)
1138 http fetch GET 200 https://registry.npmjs.org/npm-run-path/-/npm-run-path-4.0.1.tgz 1187784ms (cache miss)
1139 http fetch GET 200 https://registry.npmjs.org/isexe/-/isexe-2.0.0.tgz 1187239ms (cache miss)
1140 http fetch GET 200 https://registry.npmjs.org/@babel/plugin-syntax-jsx/-/plugin-syntax-jsx-7.29.7.tgz 1191624ms (cache miss)
1141 http fetch GET 200 https://registry.npmjs.org/ansi-regex/-/ansi-regex-6.2.2.tgz 1193867ms (cache miss)
1142 http fetch GET 200 https://registry.npmjs.org/which/-/which-2.0.2.tgz 1191728ms (cache miss)
1143 http fetch GET 200 https://registry.npmjs.org/is-unicode-supported/-/is-unicode-supported-1.3.0.tgz 1191673ms (cache miss)
1144 http fetch GET 200 https://registry.npmjs.org/get-stream/-/get-stream-6.0.1.tgz 1188443ms (cache miss)
1145 http fetch GET 200 https://registry.npmjs.org/@babel/helper-compilation-targets/-/helper-compilation-targets-7.29.7.tgz 1188346ms (cache miss)
1146 http fetch GET 200 https://registry.npmjs.org/define-lazy-prop/-/define-lazy-prop-2.0.0.tgz 1189492ms (cache miss)
1147 http fetch GET 200 https://registry.npmjs.org/side-channel-weakmap/-/side-channel-weakmap-1.0.2.tgz 1267148ms attempt #3 (cache miss)
1148 http fetch GET 200 https://registry.npmjs.org/strip-ansi/-/strip-ansi-7.2.0.tgz 1201360ms (cache miss)
1149 http fetch GET 200 https://registry.npmjs.org/human-signals/-/human-signals-2.1.0.tgz 1193801ms (cache miss)
1150 http fetch GET 200 https://registry.npmjs.org/strip-final-newline/-/strip-final-newline-2.0.0.tgz 1194783ms (cache miss)
1151 http fetch GET 200 https://registry.npmjs.org/cookie/-/cookie-0.7.2.tgz 1195775ms (cache miss)
1152 http fetch GET 200 https://registry.npmjs.org/onetime/-/onetime-7.0.0.tgz 1195257ms (cache miss)
1153 http fetch GET 200 https://registry.npmjs.org/is-stream/-/is-stream-2.0.1.tgz 1141683ms (cache miss)
1154 http fetch GET 200 https://registry.npmjs.org/ajv-formats/-/ajv-formats-2.1.1.tgz 1196205ms (cache miss)
1155 http fetch GET 200 https://registry.npmjs.org/express/-/express-5.2.1.tgz 1237869ms (cache miss)
1156 http fetch GET 200 https://registry.npmjs.org/@babel/helper-replace-supers/-/helper-replace-supers-7.29.7.tgz 1208035ms (cache miss)
1157 http fetch GET 200 https://registry.npmjs.org/@img/colour/-/colour-1.1.0.tgz 1216698ms (cache miss)
1158 http fetch GET 200 https://registry.npmjs.org/convert-source-map/-/convert-source-map-2.0.0.tgz 1198603ms (cache miss)
1159 http fetch GET 200 https://registry.npmjs.org/is-docker/-/is-docker-2.2.1.tgz 1200320ms (cache miss)
1160 http fetch GET 200 https://registry.npmjs.org/@tailwindcss/postcss/-/postcss-4.3.2.tgz 1228887ms (cache miss)
1161 http fetch GET 200 https://registry.npmjs.org/express-rate-limit/-/express-rate-limit-8.5.2.tgz 1246141ms (cache miss)
1162 http fetch GET 200 https://registry.npmjs.org/strip-ansi/-/strip-ansi-7.2.0.tgz 1210877ms (cache miss)
1163 http fetch GET 200 https://registry.npmjs.org/is-wsl/-/is-wsl-2.2.0.tgz 1206973ms (cache miss)
1164 http fetch GET 200 https://registry.npmjs.org/signal-exit/-/signal-exit-3.0.7.tgz 1205994ms (cache miss)
1165 http fetch GET 200 https://registry.npmjs.org/iceberg-js/-/iceberg-js-0.8.1.tgz 1261662ms (cache miss)
1166 http fetch GET 200 https://registry.npmjs.org/esprima/-/esprima-4.0.1.tgz 1257688ms (cache miss)
1167 http fetch GET 200 https://registry.npmjs.org/content-type/-/content-type-2.0.0.tgz 1217726ms (cache miss)
1168 http fetch GET 200 https://registry.npmjs.org/open/-/open-8.4.2.tgz 1214805ms (cache miss)
1169 http fetch GET 200 https://registry.npmjs.org/use-sync-external-store/-/use-sync-external-store-1.6.0.tgz 1301630ms attempt #2 (cache miss)
1170 http fetch GET 200 https://registry.npmjs.org/@dotenvx/primitives/-/primitives-0.8.0.tgz 1229314ms (cache miss)
1171 http fetch GET 200 https://registry.npmjs.org/browserslist/-/browserslist-4.28.6.tgz 1252672ms (cache miss)
1172 http fetch GET 200 https://registry.npmjs.org/baseline-browser-mapping/-/baseline-browser-mapping-2.10.43.tgz 1251824ms (cache miss)
1173 http fetch GET 200 https://registry.npmjs.org/electron-to-chromium/-/electron-to-chromium-1.5.392.tgz 1260254ms (cache miss)
1174 http fetch GET 200 https://registry.npmjs.org/source-map-js/-/source-map-js-1.2.1.tgz 1297413ms (cache miss)
1175 http fetch GET 200 https://registry.npmjs.org/@tailwindcss/node/-/node-4.3.2.tgz 1245070ms (cache miss)
1176 http fetch GET 200 https://registry.npmjs.org/eventsource/-/eventsource-3.0.7.tgz 1261592ms (cache miss)
1177 http fetch GET 200 https://registry.npmjs.org/tapable/-/tapable-2.3.3.tgz 1301841ms (cache miss)
1178 http fetch GET 200 https://registry.npmjs.org/chalk/-/chalk-5.6.2.tgz 1256584ms (cache miss)
1179 http fetch GET 200 https://registry.npmjs.org/picomatch/-/picomatch-2.3.2.tgz 1224213ms (cache miss)
1180 http fetch GET 200 https://registry.npmjs.org/@babel/helper-module-imports/-/helper-module-imports-7.29.7.tgz 1232812ms (cache miss)
1181 http fetch GET 200 https://registry.npmjs.org/dotenv/-/dotenv-17.4.2.tgz 1262909ms (cache miss)
1182 http fetch GET 200 https://registry.npmjs.org/@floating-ui/dom/-/dom-1.8.0.tgz 1236173ms (cache miss)
1183 http fetch GET 200 https://registry.npmjs.org/commander/-/commander-14.0.3.tgz 1261512ms (cache miss)
1184 http fetch GET 200 https://registry.npmjs.org/ajv-formats/-/ajv-formats-3.0.1.tgz 1253463ms (cache miss)
1185 http fetch GET 200 https://registry.npmjs.org/execa/-/execa-5.1.1.tgz 1190078ms (cache miss)
1186 http fetch GET 200 https://registry.npmjs.org/magic-string/-/magic-string-0.30.21.tgz 1277431ms (cache miss)
1187 http fetch GET 200 https://registry.npmjs.org/@floating-ui/core/-/core-1.8.0.tgz 1239991ms (cache miss)
1188 http fetch GET 200 https://registry.npmjs.org/@babel/plugin-transform-typescript/-/plugin-transform-typescript-7.29.7.tgz 1237008ms (cache miss)
1189 http fetch GET 200 https://registry.npmjs.org/lightningcss/-/lightningcss-1.32.0.tgz 1275051ms (cache miss)
1190 http fetch GET 200 https://registry.npmjs.org/qs/-/qs-6.15.3.tgz 1298625ms (cache miss)
1191 http fetch GET 200 https://registry.npmjs.org/eventsource-parser/-/eventsource-parser-3.1.0.tgz 1273762ms (cache miss)
1192 http fetch GET 200 https://registry.npmjs.org/minimist/-/minimist-1.2.8.tgz 1288338ms (cache miss)
1193 http fetch GET 200 https://registry.npmjs.org/commander/-/commander-11.1.0.tgz 1196176ms (cache miss)
1194 http fetch GET 200 https://registry.npmjs.org/cosmiconfig/-/cosmiconfig-9.0.2.tgz 1271853ms (cache miss)
1195 http fetch GET 200 https://registry.npmjs.org/ts-morph/-/ts-morph-26.0.0.tgz 1315343ms (cache miss)
1196 http fetch GET 200 https://registry.npmjs.org/@babel/helper-module-transforms/-/helper-module-transforms-7.29.7.tgz 1244931ms (cache miss)
1197 http fetch GET 200 https://registry.npmjs.org/@babel/template/-/template-7.29.7.tgz 1248131ms (cache miss)
1198 http fetch GET 200 https://registry.npmjs.org/csstype/-/csstype-3.2.3.tgz 1275222ms (cache miss)
1199 http fetch GET 200 https://registry.npmjs.org/@types/react/-/react-19.2.17.tgz 1265543ms (cache miss)
1200 http fetch GET 200 https://registry.npmjs.org/react/-/react-19.2.7.tgz 1305897ms (cache miss)
1201 http fetch GET 200 https://registry.npmjs.org/json5/-/json5-2.2.3.tgz 1288395ms (cache miss)
1202 http fetch GET 200 https://registry.npmjs.org/signal-exit/-/signal-exit-4.1.0.tgz 1314702ms (cache miss)
1203 http fetch GET 200 https://registry.npmjs.org/@nodelib/fs.scandir/-/fs.scandir-2.1.5.tgz 1260654ms (cache miss)
1204 http fetch GET 200 https://registry.npmjs.org/@emnapi/runtime/-/runtime-1.11.2.tgz 1253972ms (cache miss)
1205 http fetch GET 200 https://registry.npmjs.org/@babel/helper-create-class-features-plugin/-/helper-create-class-features-plugin-7.29.7.tgz 1249814ms (cache miss)
1206 http fetch GET 200 https://registry.npmjs.org/source-map/-/source-map-0.6.1.tgz 1318690ms (cache miss)
1207 http fetch GET 200 https://registry.npmjs.org/@jridgewell/sourcemap-codec/-/sourcemap-codec-1.5.5.tgz 1263048ms (cache miss)
1208 http fetch GET 200 https://registry.npmjs.org/ip-address/-/ip-address-10.2.0.tgz 1290774ms (cache miss)
1209 http fetch GET 200 https://registry.npmjs.org/iconv-lite/-/iconv-lite-0.7.3.tgz 1290752ms (cache miss)
1210 http fetch GET 200 https://registry.npmjs.org/styled-jsx/-/styled-jsx-5.1.6.tgz 1324483ms (cache miss)
1211 http fetch GET 200 https://registry.npmjs.org/@jridgewell/gen-mapping/-/gen-mapping-0.3.13.tgz 1269281ms (cache miss)
1212 http fetch GET 200 https://registry.npmjs.org/fast-uri/-/fast-uri-3.1.3.tgz 1293567ms (cache miss)
1213 http fetch GET 200 https://registry.npmjs.org/object-inspect/-/object-inspect-1.13.4.tgz 1310636ms (cache miss)
1214 http fetch GET 200 https://registry.npmjs.org/fs-extra/-/fs-extra-11.3.6.tgz 1296353ms (cache miss)
1215 http fetch GET 200 https://registry.npmjs.org/postcss-selector-parser/-/postcss-selector-parser-7.1.4.tgz 1318721ms (cache miss)
1216 http fetch GET 200 https://registry.npmjs.org/tailwindcss/-/tailwindcss-4.3.2.tgz 1335294ms (cache miss)
1217 http fetch GET 200 https://registry.npmjs.org/motion/-/motion-12.42.2.tgz 1311775ms (cache miss)
1218 http fetch GET 200 https://registry.npmjs.org/reselect/-/reselect-5.2.0.tgz 1326889ms (cache miss)
1219 http fetch GET 200 https://registry.npmjs.org/@date-fns/tz/-/tz-1.5.0.tgz 1269941ms (cache miss)
1220 http fetch GET 200 https://registry.npmjs.org/jiti/-/jiti-2.7.0.tgz 1306675ms (cache miss)
1221 http fetch GET 200 https://registry.npmjs.org/undici-types/-/undici-types-7.18.2.tgz 1342091ms (cache miss)
1222 http fetch GET 200 https://registry.npmjs.org/systeminformation/-/systeminformation-5.31.17.tgz 1339866ms (cache miss)
1223 http fetch GET 200 https://registry.npmjs.org/sharp/-/sharp-0.34.5.tgz 1334097ms (cache miss)
1224 http fetch GET 200 https://registry.npmjs.org/tailwind-merge/-/tailwind-merge-3.6.0.tgz 1341374ms (cache miss)
1225 http fetch GET 200 https://registry.npmjs.org/@babel/parser/-/parser-7.29.7.tgz 1271694ms (cache miss)
1226 http fetch GET 200 https://registry.npmjs.org/atomically/-/atomically-1.7.0.tgz 1293542ms (cache miss)
1227 http fetch GET 200 https://registry.npmjs.org/@supabase/supabase-js/-/supabase-js-2.110.6.tgz 1287121ms (cache miss)
1228 http fetch GET 200 https://registry.npmjs.org/enquirer/-/enquirer-2.4.1.tgz 1304203ms (cache miss)
1229 http fetch GET 200 https://registry.npmjs.org/recast/-/recast-0.23.12.tgz 1334536ms (cache miss)
1230 http fetch GET 200 https://registry.npmjs.org/@types/nodemailer/-/nodemailer-8.0.1.tgz 1293816ms (cache miss)
1231 http fetch GET 200 https://registry.npmjs.org/@supabase/storage-js/-/storage-js-2.110.6.tgz 1293306ms (cache miss)
1232 http fetch GET 200 https://registry.npmjs.org/@jridgewell/trace-mapping/-/trace-mapping-0.3.31.tgz 1289913ms (cache miss)
1233 http fetch GET 200 https://registry.npmjs.org/js-yaml/-/js-yaml-4.3.0.tgz 1320043ms (cache miss)
1234 http fetch GET 200 https://registry.npmjs.org/postcss/-/postcss-8.5.19.tgz 1326484ms (cache miss)
1235 http fetch GET 200 https://registry.npmjs.org/@babel/generator/-/generator-7.29.7.tgz 1279766ms (cache miss)
1236 http fetch GET 200 https://registry.npmjs.org/minimatch/-/minimatch-10.2.5.tgz 1328272ms (cache miss)
1237 http fetch GET 200 https://registry.npmjs.org/@supabase/postgrest-js/-/postgrest-js-2.110.6.tgz 1295632ms (cache miss)
1238 http fetch GET 200 https://registry.npmjs.org/semver/-/semver-7.8.5.tgz 1279840ms (cache miss)
1239 http fetch GET 200 https://registry.npmjs.org/fast-glob/-/fast-glob-3.3.3.tgz 1315599ms (cache miss)
1240 http fetch GET 200 https://registry.npmjs.org/semver/-/semver-7.8.5.tgz 1275102ms (cache miss)
1241 http fetch GET 200 https://registry.npmjs.org/enhanced-resolve/-/enhanced-resolve-5.21.6.tgz 1314853ms (cache miss)
1242 http fetch GET 200 https://registry.npmjs.org/@hono/node-server/-/node-server-1.19.14.tgz 1292957ms (cache miss)
1243 http fetch GET 200 https://registry.npmjs.org/@supabase/phoenix/-/phoenix-0.4.4.tgz 1298931ms (cache miss)
1244 http fetch GET 200 https://registry.npmjs.org/@supabase/functions-js/-/functions-js-2.110.6.tgz 1299661ms (cache miss)
1245 http fetch GET 200 https://registry.npmjs.org/postcss/-/postcss-8.4.31.tgz 1279714ms (cache miss)
1246 http fetch GET 200 https://registry.npmjs.org/nodemailer/-/nodemailer-9.0.4.tgz 1335653ms (cache miss)
1247 http fetch GET 200 https://registry.npmjs.org/@tailwindcss/oxide-win32-x64-msvc/-/oxide-win32-x64-msvc-4.3.2.tgz 1302969ms (cache miss)
1248 http fetch GET 200 https://registry.npmjs.org/@vercel/analytics/-/analytics-1.6.1.tgz 1314939ms (cache miss)
1249 http fetch GET 200 https://registry.npmjs.org/motion-utils/-/motion-utils-12.39.0.tgz 1342451ms (cache miss)
1250 http fetch GET 200 https://registry.npmjs.org/prompts/-/prompts-2.4.2.tgz 1353783ms (cache miss)
1251 http fetch GET 200 https://registry.npmjs.org/tsconfig-paths/-/tsconfig-paths-4.2.0.tgz 1370496ms (cache miss)
1252 http fetch GET 200 https://registry.npmjs.org/@babel/traverse/-/traverse-7.29.7.tgz 1311329ms (cache miss)
1253 http fetch GET 200 https://registry.npmjs.org/ast-types/-/ast-types-0.16.1.tgz 1364271ms (cache miss)
1254 http fetch GET 200 https://registry.npmjs.org/jose/-/jose-6.2.3.tgz 1381115ms (cache miss)
1255 http fetch GET 200 https://registry.npmjs.org/@types/node/-/node-24.13.3.tgz 1363329ms (cache miss)
1256 http fetch GET 200 https://registry.npmjs.org/@supabase/ssr/-/ssr-0.12.3.tgz 1363114ms (cache miss)
1257 http fetch GET 200 https://registry.npmjs.org/zod-to-json-schema/-/zod-to-json-schema-3.25.2.tgz 1426861ms (cache miss)
1258 http fetch GET 200 https://registry.npmjs.org/diff/-/diff-8.0.4.tgz 1392296ms (cache miss)
1259 http fetch GET 200 https://registry.npmjs.org/@babel/core/-/core-7.29.7.tgz 1363191ms (cache miss)
1260 http fetch GET 200 https://registry.npmjs.org/execa/-/execa-9.6.1.tgz 1381490ms (cache miss)
1261 http fetch GET 200 https://registry.npmjs.org/@supabase/realtime-js/-/realtime-js-2.110.6.tgz 1388784ms (cache miss)
1262 http fetch GET 200 https://registry.npmjs.org/react-dom/-/react-dom-19.2.7.tgz 1436178ms (cache miss)
1263 http fetch GET 200 https://registry.npmjs.org/lightningcss-win32-x64-msvc/-/lightningcss-win32-x64-msvc-1.32.0.tgz 1421133ms (cache miss)
1264 http fetch GET 200 https://registry.npmjs.org/@dotenvx/dotenvx/-/dotenvx-1.75.1.tgz 1392717ms (cache miss)
1265 http fetch GET 200 https://registry.npmjs.org/@ts-morph/common/-/common-0.27.0.tgz 1469413ms (cache miss)
1266 http fetch GET 200 https://registry.npmjs.org/@base-ui/utils/-/utils-0.3.1.tgz 1552181ms (cache miss)
1267 http fetch GET 200 https://registry.npmjs.org/@babel/types/-/types-7.29.7.tgz 1577813ms (cache miss)
1268 http fetch GET 200 https://registry.npmjs.org/undici/-/undici-7.28.0.tgz 1657009ms (cache miss)
1269 http fetch GET 200 https://registry.npmjs.org/@babel/runtime/-/runtime-7.29.7.tgz 1589594ms (cache miss)
1270 http fetch GET 200 https://registry.npmjs.org/@supabase/auth-js/-/auth-js-2.110.6.tgz 1601460ms (cache miss)
1271 http fetch GET 200 https://registry.npmjs.org/@babel/helpers/-/helpers-7.29.7.tgz 1597919ms (cache miss)
1272 http fetch GET 200 https://registry.npmjs.org/@img/sharp-win32-x64/-/sharp-win32-x64-0.34.5.tgz 1659328ms (cache miss)
1273 http fetch GET 200 https://registry.npmjs.org/@swc/helpers/-/helpers-0.5.15.tgz 1849136ms (cache miss)
1274 http fetch GET 200 https://registry.npmjs.org/framer-motion/-/framer-motion-12.42.2.tgz 1870534ms (cache miss)
1275 http fetch GET 200 https://registry.npmjs.org/ajv/-/ajv-8.20.0.tgz 1859175ms (cache miss)
1276 http fetch GET 200 https://registry.npmjs.org/typescript/-/typescript-5.7.3.tgz 1922899ms (cache miss)
1277 http fetch GET 200 https://registry.npmjs.org/motion-dom/-/motion-dom-12.42.2.tgz 1954090ms (cache miss)
1278 http fetch GET 200 https://registry.npmjs.org/zod/-/zod-3.25.76.tgz 2006938ms (cache miss)
1279 http fetch GET 200 https://registry.npmjs.org/hono/-/hono-4.12.30.tgz 2069667ms (cache miss)
1280 http fetch GET 200 https://registry.npmjs.org/@modelcontextprotocol/sdk/-/sdk-1.29.0.tgz 2121647ms (cache miss)
1281 http fetch GET 200 https://registry.npmjs.org/react-day-picker/-/react-day-picker-10.0.1.tgz 2187920ms (cache miss)
1282 http fetch GET 200 https://registry.npmjs.org/caniuse-lite/-/caniuse-lite-1.0.30001805.tgz 2160831ms (cache miss)
1283 http fetch GET 200 https://registry.npmjs.org/@next/swc-win32-x64-msvc/-/swc-win32-x64-msvc-16.2.6.tgz 2949407ms (cache miss)
1284 http fetch GET 200 https://registry.npmjs.org/@base-ui/react/-/react-1.6.0.tgz 3610659ms (cache miss)
1285 http fetch GET 200 https://registry.npmjs.org/lucide-react/-/lucide-react-1.24.0.tgz 3944718ms (cache miss)
1286 http fetch GET 200 https://registry.npmjs.org/date-fns/-/date-fns-4.4.0.tgz 4256610ms (cache miss)
1287 http fetch GET 200 https://registry.npmjs.org/next/-/next-16.2.6.tgz 5938159ms (cache miss)
1288 verbose type system
1289 verbose stack FetchError: request to https://registry.npmjs.org/zod/-/zod-4.4.3.tgz failed, reason: read ECONNRESET
1289 verbose stack     at ClientRequest.<anonymous> (C:\Program Files\nodejs\node_modules\npm\node_modules\minipass-fetch\lib\index.js:130:14)
1289 verbose stack     at ClientRequest.emit (node:events:519:28)
1289 verbose stack     at emitErrorEvent (node:_http_client:105:11)
1289 verbose stack     at _destroy (node:_http_client:898:9)
1289 verbose stack     at onSocketNT (node:_http_client:918:5)
1289 verbose stack     at process.processTicksAndRejections (node:internal/process/task_queues:91:21)
1290 error code ECONNRESET
1291 error syscall read
1292 error errno ECONNRESET
1293 error network request to https://registry.npmjs.org/zod/-/zod-4.4.3.tgz failed, reason: read ECONNRESET
1294 error network This is a problem related to network connectivity.
1294 error network In most cases you are behind a proxy or have bad network settings.
1294 error network
1294 error network If you are behind a proxy, please make sure that the
1294 error network 'proxy' config is set properly.  See: 'npm help config'
1295 silly unfinished npm timer reify 1786656912738
1296 silly unfinished npm timer reify:unpack 1786657005584
1297 silly unfinished npm timer reifyNode:node_modules/zod 1786657005590
1298 silly unfinished npm timer reifyNode:node_modules/yoctocolors 1786657005590
1299 silly unfinished npm timer reifyNode:node_modules/yallist 1786657005590
1300 silly unfinished npm timer reifyNode:node_modules/wsl-utils 1786657005590
1301 silly unfinished npm timer reifyNode:node_modules/wrappy 1786657005590
1302 silly unfinished npm timer reifyNode:node_modules/which 1786657005591
1303 silly unfinished npm timer reifyNode:node_modules/vary 1786657005673
1304 silly unfinished npm timer reifyNode:node_modules/update-browserslist-db 1786657005674
1305 silly unfinished npm timer reifyNode:node_modules/universalify 1786657005675
1306 silly unfinished npm timer reifyNode:node_modules/shebang-regex 1786657005822
1307 silly unfinished npm timer reifyNode:node_modules/shadcn 1786657005931
1308 silly unfinished npm timer reifyNode:node_modules/scheduler 1786657005989
1309 silly unfinished npm timer reifyNode:node_modules/safer-buffer 1786657005989
1310 silly unfinished npm timer reifyNode:node_modules/mime-types 1786657006959
1311 silly unfinished npm timer reifyNode:node_modules/mime-db 1786657006959
1312 verbose cwd C:\Users\User\Desktop\fathudives
1313 verbose os Windows_NT 10.0.26200
1314 verbose node v22.19.0
1315 verbose npm  v10.9.3
1316 verbose exit 1
1317 verbose code 1
1318 error A complete log of this run can be found in: C:\Users\User\Desktop\fathudives\.npm-cache\_logs\2026-08-13T20_37_46_662Z-debug-0.log
